customer_id,customer_name,customer_type,region,registration_date
C0001,Mehedi Hasan,Retail,Dhaka,16/02/2023
C0002,Fahim Rahman,Retail,Dhaka,21/01/2024
C0003,Rahim Uddin,Retail,Chattogram,24/09/2023
C0004,Mariam Khatun,Retail,Khulna,13/08/2024
C0005,Shakib Ahmed,Corporate,Chattogram,08/04/2024
C0006,Arif Chowdhhury,Corporate,Rajshahi,15/02/2024
C0007,Tanvir Ahmed,Retail,Chattogram,11/08/2023
C0008,Karim Hasan,Corporate,Chattogram,02/04/2023
C0009,Tanvir Ahmed,Retail,Khulna,05/03/2023
C0010,Nusrat Jahan,Retail,Chattogram,07/02/2023
C0011,Shakib Ahmed,Corporate,Khulna,19/01/2023
C0012,Karim Hasan,Retail,Rajshahi,09/09/2024
C0013,Hasan Mahmud,Corporate,Rajshahi,08/08/2024
C0014,Imran Khan,Retail,Rajshahi,02/02/2024
C0015,Nusrat Jahan,Corporate,Chattogram,04/09/2023
C0016,Arif Chowdhhury,Retail,Dhaka,22/09/2024
C0017,Rahim Uddin,Corporate,Dhaka,15/02/2023
C0018,Tanvir Ahmed,Corporate,Rajshahi,06/06/2024
C0019,Imran Khan,Retail,Chattogram,09/05/2023
C0020,Shakib Ahmed,Corporate,Rajshahi,30/10/2022
C0021,Nayeem Islam,Corporate,Khulna,15/10/2023
C0022,Anika Sultana,Corporate,Rajshahi,30/11/2023
C0023,Sabbir Hossain,Corporate,Dhaka,28/12/2023
C0024,Rashidul Hasan,Retail,Rajshahi,06/01/2024
C0025,Anika Sultana,Corporate,Dhaka,07/08/2024
C0026,Anika Sultana,Retail,Dhaka,06/09/2024
C0027,Fahim Rahman,Corporate,Khulna,30/01/2024
C0028,Nayeem Islam,Retail,Rajshahi,10/06/2024
C0029,Shakib Ahmed,Corporate,Chattogram,14/09/2023
C0030,Rima Begum,Corporate,Rajshahi,18/06/2022
C0031,Mahmudul Islam,Corporate,Rajshahi,11/02/2024
C0032,Sadia Afrin,Corporate,Khulna,09/01/2022
C0033,Sadia Afrin,Corporate,Rajshahi,20/07/2022
C0034,Hasan Mahmud,Retail,Khulna,31/01/2022
C0035,Tania Rahman,Corporate,Dhaka,01/06/2023
C0036,Hasan Mahmud,Corporate,Dhaka,20/01/2022
C0037,Imran Khan,Corporate,Dhaka,04/03/2022
C0038,Arif Chowdhhury,Retail,Khulna,05/03/2022
C0039,Arif Chowdhhury,Retail,Khulna,01/01/2022
C0040,Farhana Akter,Corporate,Khulna,01/05/2022
C0041,Karim Hasan,Corporate,Khulna,28/09/2023
C0042,Karim Hasan,Retail,Khulna,05/03/2024
C0043,Rahim Uddin,Retail,Khulna,25/06/2023
C0044,Mehedi Hasan,Retail,Dhaka,08/07/2024
C0045,Rahim Uddin,Corporate,Dhaka,23/12/2023
C0046,Rahim Uddin,Corporate,Khulna,28/05/2022
C0047,Karim Hasan,Retail,Chattogram,20/01/2024
C0048,Shakib Ahmed,Corporate,Khulna,03/06/2022
C0049,Sabbir Hossain,Retail,Rajshahi,31/05/2024
C0050,Anika Sultana,Retail,Rajshahi,10/08/2022
C0051,Shakib Ahmed,Corporate,Dhaka,21/11/2023
C0052,Mehedi Hasan,Retail,Khulna,05/09/2022
C0053,Nayeem Islam,Retail,Rajshahi,20/05/2022
C0054,Farhana Akter,Corporate,Chattogram,03/12/2022
C0055,Hasan Mahmud,Retail,Chattogram,12/01/2024
C0056,Farhana Akter,Corporate,Chattogram,15/01/2024
C0057,Sadia Afrin,Corporate,Khulna,31/01/2023
C0058,Mariam Khatun,Retail,Chattogram,24/08/2024
C0059,Nayeem Islam,Corporate,Chattogram,07/06/2022
C0060,Shakib Ahmed,Corporate,Dhaka,15/12/2022
C0061,Anika Sultana,Retail,Rajshahi,01/08/2024
C0062,Mariam Khatun,Retail,Rajshahi,12/10/2023
C0063,Nayeem Islam,Corporate,Chattogram,28/12/2023
C0064,Karim Hasan,Retail,Rajshahi,23/03/2024
C0065,Mariam Khatun,Retail,Dhaka,18/07/2022
C0066,Karim Hasan,Corporate,Dhaka,13/10/2023
C0067,Tanvir Ahmed,Retail,Rajshahi,15/04/2024
C0068,Arif Chowdhhury,Retail,Rajshahi,01/03/2023
C0069,Hasan Mahmud,Retail,Khulna,25/08/2023
C0070,Nayeem Islam,Retail,Dhaka,19/04/2024
C0071,Rashidul Hasan,Corporate,Chattogram,23/01/2022
C0072,Arif Chowdhhury,Corporate,Chattogram,19/05/2023
C0073,Mahmudul Islam,Corporate,Chattogram,09/05/2023
C0074,Rima Begum,Retail,Khulna,05/07/2024
C0075,Mahmudul Islam,Corporate,Dhaka,21/01/2022
C0076,Mariam Khatun,Retail,Dhaka,28/10/2022
C0077,Mariam Khatun,Retail,Chattogram,27/06/2024
C0078,Arif Chowdhhury,Corporate,Dhaka,19/12/2023
C0079,Rashidul Hasan,Corporate,Khulna,15/10/2023
C0080,Nayeem Islam,Retail,Khulna,06/11/2022
C0081,Tanvir Ahmed,Corporate,Chattogram,17/11/2022
C0082,Shakib Ahmed,Corporate,Chattogram,22/02/2022
C0083,Farhana Akter,Corporate,Chattogram,25/09/2023
C0084,Rima Begum,Corporate,Rajshahi,27/05/2023
C0085,Hasan Mahmud,Corporate,Rajshahi,28/05/2022
C0086,Farhana Akter,Retail,Khulna,22/08/2023
C0087,Imran Khan,Corporate,Khulna,21/08/2022
C0088,Farhana Akter,Retail,Chattogram,05/04/2022
C0089,Anika Sultana,Retail,Khulna,16/04/2022
C0090,Mahmudul Islam,Corporate,Dhaka,14/09/2024
C0091,Imran Khan,Retail,Chattogram,27/02/2023
C0092,Anika Sultana,Corporate,Rajshahi,23/03/2024
C0093,Nusrat Jahan,Retail,Chattogram,07/08/2023
C0094,Karim Hasan,Retail,Dhaka,02/02/2023
C0095,Imran Khan,Retail,Khulna,24/12/2022
C0096,Tanvir Ahmed,Corporate,Dhaka,13/02/2023
C0097,Shakib Ahmed,Corporate,Khulna,08/12/2022
C0098,Arif Chowdhhury,Retail,Rajshahi,02/01/2022
C0099,Sadia Afrin,Retail,Chattogram,30/01/2023
C0100,Shakib Ahmed,Retail,Khulna,25/04/2024
C0101,Anika Sultana,Corporate,Chattogram,03/02/2024
C0102,Karim Hasan,Corporate,Rajshahi,31/03/2023
C0103,Mehedi Hasan,Retail,Rajshahi,20/02/2022
C0104,Imran Khan,Corporate,Dhaka,21/06/2023
C0105,Karim Hasan,Retail,Dhaka,27/10/2023
C0106,Mahmudul Islam,Corporate,Chattogram,23/08/2022
C0107,Farhana Akter,Retail,Khulna,05/03/2022
C0108,Nusrat Jahan,Retail,Rajshahi,28/10/2022
C0109,Tanvir Ahmed,Corporate,Rajshahi,20/07/2024
C0110,Hasan Mahmud,Retail,Khulna,27/08/2022
C0111,Anika Sultana,Corporate,Rajshahi,07/07/2023
C0112,Karim Hasan,Corporate,Khulna,14/09/2023
C0113,Anika Sultana,Retail,Khulna,15/09/2024
C0114,Hasan Mahmud,Retail,Khulna,21/02/2023
C0115,Mariam Khatun,Retail,Rajshahi,23/03/2024
C0116,Rahim Uddin,Corporate,Dhaka,25/12/2023
C0117,Karim Hasan,Corporate,Dhaka,24/02/2024
C0118,Mariam Khatun,Corporate,Rajshahi,09/02/2024
C0119,Tanvir Ahmed,Corporate,Chattogram,26/11/2022
C0120,Shakib Ahmed,Retail,Khulna,26/08/2022
C0121,Arif Chowdhhury,Corporate,Rajshahi,09/11/2022
C0122,Sabbir Hossain,Retail,Rajshahi,02/05/2024
C0123,Anika Sultana,Corporate,Dhaka,29/04/2022
C0124,Tania Rahman,Retail,Chattogram,04/08/2024
C0125,Mariam Khatun,Retail,Dhaka,27/06/2022
C0126,Tanvir Ahmed,Corporate,Chattogram,16/07/2023
C0127,Mehedi Hasan,Retail,Chattogram,16/01/2024
C0128,Farhana Akter,Corporate,Chattogram,22/05/2022
C0129,Karim Hasan,Retail,Dhaka,29/08/2024
C0130,Tanvir Ahmed,Retail,Rajshahi,24/09/2023
C0131,Sabbir Hossain,Corporate,Rajshahi,29/08/2022
C0132,Fahim Rahman,Retail,Chattogram,12/03/2023
C0133,Rahim Uddin,Retail,Khulna,07/01/2024
C0134,Nayeem Islam,Retail,Chattogram,13/11/2022
C0135,Rima Begum,Corporate,Chattogram,16/11/2023
C0136,Mahmudul Islam,Corporate,Chattogram,30/01/2023
C0137,Sadia Afrin,Corporate,Rajshahi,27/10/2023
C0138,Fahim Rahman,Corporate,Dhaka,07/02/2024
C0139,Farhana Akter,Corporate,Dhaka,08/02/2024
C0140,Rahim Uddin,Retail,Rajshahi,18/04/2023
C0141,Nusrat Jahan,Retail,Khulna,10/09/2024
C0142,Fahim Rahman,Corporate,Dhaka,08/03/2022
C0143,Mehedi Hasan,Corporate,Rajshahi,04/12/2023
C0144,Mahmudul Islam,Retail,Dhaka,23/12/2022
C0145,Fahim Rahman,Retail,Rajshahi,06/07/2024
C0146,Arif Chowdhhury,Retail,Dhaka,23/05/2022
C0147,Tanvir Ahmed,Retail,Dhaka,26/03/2023
C0148,Shakib Ahmed,Retail,Chattogram,29/03/2024
C0149,Anika Sultana,Retail,Dhaka,04/09/2022
C0150,Hasan Mahmud,Retail,Khulna,17/01/2023
C0151,Arif Chowdhhury,Corporate,Rajshahi,11/11/2023
C0152,Mehedi Hasan,Retail,Chattogram,30/06/2022
C0153,Rima Begum,Corporate,Rajshahi,27/04/2022
C0154,Shakib Ahmed,Corporate,Khulna,09/09/2022
C0155,Rashidul Hasan,Corporate,Khulna,27/03/2024
C0156,Rima Begum,Retail,Dhaka,20/02/2024
C0157,Hasan Mahmud,Retail,Khulna,15/07/2023
C0158,Tania Rahman,Corporate,Rajshahi,28/06/2023
C0159,Tanvir Ahmed,Retail,Khulna,06/01/2023
C0160,Mariam Khatun,Corporate,Dhaka,07/05/2022
C0161,Nayeem Islam,Corporate,Dhaka,17/08/2023
C0162,Rima Begum,Corporate,Chattogram,18/01/2024
C0163,Karim Hasan,Retail,Khulna,26/01/2022
C0164,Tanvir Ahmed,Corporate,Dhaka,25/09/2022
C0165,Sadia Afrin,Retail,Dhaka,21/02/2024
C0166,Shakib Ahmed,Retail,Rajshahi,08/10/2022
C0167,Sabbir Hossain,Retail,Chattogram,04/08/2024
C0168,Sadia Afrin,Retail,Chattogram,19/05/2024
C0169,Nusrat Jahan,Corporate,Dhaka,10/01/2022
C0170,Mahmudul Islam,Retail,Khulna,12/08/2024
C0171,Karim Hasan,Retail,Khulna,29/08/2022
C0172,Farhana Akter,Retail,Khulna,08/09/2024
C0173,Rashidul Hasan,Corporate,Chattogram,24/07/2022
C0174,Fahim Rahman,Corporate,Rajshahi,16/09/2024
C0175,Sabbir Hossain,Corporate,Chattogram,10/01/2023
C0176,Nusrat Jahan,Retail,Dhaka,14/12/2023
C0177,Mahmudul Islam,Corporate,Rajshahi,19/04/2024
C0178,Tania Rahman,Retail,Chattogram,07/07/2022
C0179,Mahmudul Islam,Retail,Khulna,14/05/2023
C0180,Sabbir Hossain,Corporate,Rajshahi,10/01/2023
C0181,Nayeem Islam,Retail,Chattogram,27/04/2023
C0182,Shakib Ahmed,Corporate,Khulna,07/05/2022
C0183,Anika Sultana,Corporate,Dhaka,06/09/2024
C0184,Sabbir Hossain,Retail,Rajshahi,16/08/2024
C0185,Anika Sultana,Corporate,Dhaka,16/11/2023
C0186,Rima Begum,Retail,Chattogram,20/09/2022
C0187,Shakib Ahmed,Retail,Rajshahi,19/10/2022
C0188,Mariam Khatun,Retail,Chattogram,26/01/2023
C0189,Shakib Ahmed,Retail,Chattogram,23/12/2022
C0190,Nusrat Jahan,Retail,Chattogram,03/08/2023
C0191,Tanvir Ahmed,Corporate,Rajshahi,24/11/2022
C0192,Rashidul Hasan,Retail,Rajshahi,05/06/2023
C0193,Fahim Rahman,Corporate,Dhaka,28/11/2023
C0194,Hasan Mahmud,Corporate,Chattogram,24/01/2023
C0195,Tanvir Ahmed,Corporate,Khulna,23/06/2022
C0196,Farhana Akter,Retail,Khulna,01/02/2023
C0197,Arif Chowdhhury,Retail,Rajshahi,27/11/2022
C0198,Mehedi Hasan,Retail,Khulna,12/10/2022
C0199,Mahmudul Islam,Retail,Khulna,02/02/2022
C0200,Mahmudul Islam,Corporate,Rajshahi,20/08/2023
C0201,Anika Sultana,Retail,Chattogram,23/01/2023
C0202,Arif Chowdhhury,Retail,Chattogram,11/04/2024
C0203,Rima Begum,Corporate,Dhaka,27/10/2022
C0204,Mehedi Hasan,Retail,Khulna,12/12/2023
C0205,Mariam Khatun,Retail,Chattogram,15/04/2023
C0206,Sadia Afrin,Corporate,Dhaka,10/11/2023
C0207,Tania Rahman,Corporate,Chattogram,18/03/2022
C0208,Sabbir Hossain,Retail,Rajshahi,06/01/2022
C0209,Karim Hasan,Corporate,Dhaka,29/06/2022
C0210,Sabbir Hossain,Corporate,Rajshahi,03/04/2023
C0211,Karim Hasan,Retail,Dhaka,04/08/2022
C0212,Rima Begum,Retail,Dhaka,18/02/2023
C0213,Hasan Mahmud,Corporate,Khulna,24/07/2024
C0214,Farhana Akter,Corporate,Chattogram,13/04/2023
C0215,Sadia Afrin,Corporate,Chattogram,31/03/2024
C0216,Arif Chowdhhury,Corporate,Khulna,03/05/2023
C0217,Nusrat Jahan,Retail,Khulna,20/10/2022
C0218,Arif Chowdhhury,Corporate,Rajshahi,19/11/2022
C0219,Nayeem Islam,Retail,Rajshahi,19/09/2024
C0220,Anika Sultana,Retail,Dhaka,05/06/2024
C0221,Anika Sultana,Corporate,Rajshahi,27/07/2024
C0222,Anika Sultana,Retail,Dhaka,15/08/2023
C0223,Tania Rahman,Corporate,Dhaka,16/11/2023
C0224,Tanvir Ahmed,Retail,Chattogram,21/03/2023
C0225,Imran Khan,Retail,Dhaka,24/01/2024
C0226,Tanvir Ahmed,Retail,Dhaka,20/06/2024
C0227,Sadia Afrin,Corporate,Dhaka,21/03/2023
C0228,Shakib Ahmed,Retail,Dhaka,14/02/2022
C0229,Tania Rahman,Retail,Dhaka,27/03/2022
C0230,Karim Hasan,Corporate,Rajshahi,23/08/2024
C0231,Mariam Khatun,Corporate,Dhaka,05/01/2023
C0232,Sadia Afrin,Corporate,Chattogram,04/07/2024
C0233,Sadia Afrin,Retail,Rajshahi,18/05/2022
C0234,Mariam Khatun,Corporate,Dhaka,17/09/2022
C0235,Fahim Rahman,Corporate,Chattogram,19/08/2024
C0236,Rashidul Hasan,Corporate,Khulna,22/07/2023
C0237,Shakib Ahmed,Corporate,Dhaka,04/07/2023
C0238,Sabbir Hossain,Retail,Chattogram,15/03/2022
C0239,Sabbir Hossain,Corporate,Dhaka,27/05/2022
C0240,Sabbir Hossain,Corporate,Rajshahi,27/05/2022
C0241,Tanvir Ahmed,Corporate,Rajshahi,15/09/2022
C0242,Imran Khan,Retail,Rajshahi,04/07/2023
C0243,Tanvir Ahmed,Corporate,Rajshahi,22/03/2024
C0244,Nusrat Jahan,Corporate,Rajshahi,23/09/2024
C0245,Sabbir Hossain,Corporate,Chattogram,11/09/2024
C0246,Rima Begum,Corporate,Khulna,01/04/2022
C0247,Tanvir Ahmed,Retail,Rajshahi,20/06/2022
C0248,Imran Khan,Corporate,Rajshahi,26/03/2022
C0249,Nusrat Jahan,Corporate,Khulna,06/11/2023
C0250,Tanvir Ahmed,Retail,Rajshahi,03/10/2023
C0251,Anika Sultana,Corporate,Dhaka,31/10/2022
C0252,Nusrat Jahan,Corporate,Dhaka,19/11/2023
C0253,Sadia Afrin,Retail,Rajshahi,15/09/2023
C0254,Arif Chowdhhury,Corporate,Rajshahi,26/06/2023
C0255,Shakib Ahmed,Corporate,Rajshahi,01/05/2022
C0256,Nusrat Jahan,Corporate,Chattogram,07/06/2024
C0257,Fahim Rahman,Retail,Khulna,09/09/2022
C0258,Karim Hasan,Retail,Chattogram,05/01/2022
C0259,Shakib Ahmed,Corporate,Chattogram,13/06/2023
C0260,Nusrat Jahan,Corporate,Dhaka,02/05/2024
C0261,Karim Hasan,Corporate,Rajshahi,12/03/2023
C0262,Sadia Afrin,Corporate,Khulna,07/11/2022
C0263,Mariam Khatun,Retail,Rajshahi,17/07/2023
C0264,Arif Chowdhhury,Retail,Khulna,12/02/2022
C0265,Mariam Khatun,Retail,Rajshahi,19/11/2023
C0266,Nayeem Islam,Corporate,Khulna,24/07/2024
C0267,Mariam Khatun,Retail,Dhaka,06/02/2022
C0268,Arif Chowdhhury,Corporate,Rajshahi,07/02/2022
C0269,Mehedi Hasan,Retail,Khulna,27/12/2023
C0270,Farhana Akter,Retail,Chattogram,23/02/2024
C0271,Tania Rahman,Corporate,Dhaka,10/09/2023
C0272,Mehedi Hasan,Retail,Rajshahi,25/02/2024
C0273,Rahim Uddin,Retail,Rajshahi,20/09/2022
C0274,Sabbir Hossain,Retail,Dhaka,26/01/2024
C0275,Arif Chowdhhury,Retail,Rajshahi,14/08/2023
C0276,Rashidul Hasan,Corporate,Rajshahi,01/01/2024
C0277,Rashidul Hasan,Corporate,Khulna,30/01/2023
C0278,Nusrat Jahan,Corporate,Rajshahi,27/11/2022
C0279,Sadia Afrin,Retail,Rajshahi,06/11/2023
C0280,Tanvir Ahmed,Corporate,Rajshahi,18/07/2023
C0281,Sabbir Hossain,Corporate,Rajshahi,29/03/2022
C0282,Hasan Mahmud,Corporate,Dhaka,07/09/2022
C0283,Sabbir Hossain,Retail,Chattogram,30/05/2022
C0284,Farhana Akter,Corporate,Rajshahi,08/03/2022
C0285,Sadia Afrin,Retail,Dhaka,20/04/2023
C0286,Fahim Rahman,Retail,Chattogram,28/01/2022
C0287,Mahmudul Islam,Retail,Dhaka,13/06/2023
C0288,Mehedi Hasan,Corporate,Chattogram,03/03/2024
C0289,Mariam Khatun,Corporate,Khulna,01/07/2022
C0290,Rahim Uddin,Retail,Khulna,22/08/2024
C0291,Nayeem Islam,Retail,Dhaka,06/01/2023
C0292,Tanvir Ahmed,Corporate,Khulna,18/11/2023
C0293,Hasan Mahmud,Retail,Rajshahi,01/06/2024
C0294,Mariam Khatun,Retail,Dhaka,20/05/2022
C0295,Shakib Ahmed,Retail,Chattogram,04/06/2023
C0296,Nusrat Jahan,Retail,Dhaka,16/04/2024
C0297,Farhana Akter,Corporate,Rajshahi,18/03/2023
C0298,Shakib Ahmed,Retail,Khulna,30/08/2022
C0299,Arif Chowdhhury,Corporate,Khulna,11/12/2023
C0300,Fahim Rahman,Corporate,Dhaka,03/03/2024
C0301,Karim Hasan,Retail,Rajshahi,04/06/2024
C0302,Sadia Afrin,Corporate,Chattogram,02/02/2023
C0303,Nusrat Jahan,Retail,Dhaka,09/06/2023
C0304,Rahim Uddin,Retail,Chattogram,25/06/2022
C0305,Nusrat Jahan,Retail,Chattogram,29/05/2023
C0306,Arif Chowdhhury,Corporate,Dhaka,01/03/2022
C0307,Fahim Rahman,Retail,Chattogram,28/09/2022
C0308,Rahim Uddin,Retail,Dhaka,26/07/2024
C0309,Rashidul Hasan,Corporate,Rajshahi,05/07/2022
C0310,Anika Sultana,Corporate,Khulna,02/01/2024
C0311,Hasan Mahmud,Retail,Khulna,03/08/2024
C0312,Mariam Khatun,Corporate,Khulna,18/01/2022
C0313,Rahim Uddin,Corporate,Dhaka,21/01/2022
C0314,Karim Hasan,Retail,Chattogram,27/09/2022
C0315,Sabbir Hossain,Corporate,Rajshahi,27/06/2023
C0316,Rima Begum,Retail,Rajshahi,25/06/2024
C0317,Rima Begum,Corporate,Dhaka,06/11/2022
C0318,Tania Rahman,Corporate,Khulna,20/08/2024
C0319,Mariam Khatun,Retail,Rajshahi,30/07/2023
C0320,Tanvir Ahmed,Retail,Dhaka,04/08/2022
C0321,Mahmudul Islam,Retail,Dhaka,16/12/2023
C0322,Fahim Rahman,Corporate,Chattogram,06/12/2022
C0323,Mahmudul Islam,Corporate,Khulna,29/11/2023
C0324,Shakib Ahmed,Retail,Dhaka,30/12/2023
C0325,Farhana Akter,Corporate,Dhaka,28/05/2023
C0326,Farhana Akter,Corporate,Dhaka,14/09/2023
C0327,Tania Rahman,Retail,Dhaka,09/11/2022
C0328,Mehedi Hasan,Retail,Chattogram,29/10/2023
C0329,Rima Begum,Corporate,Khulna,10/07/2023
C0330,Mahmudul Islam,Retail,Rajshahi,30/04/2024
C0331,Rashidul Hasan,Corporate,Chattogram,17/03/2022
C0332,Tanvir Ahmed,Corporate,Khulna,07/04/2023
C0333,Sabbir Hossain,Corporate,Chattogram,21/03/2023
C0334,Nusrat Jahan,Corporate,Khulna,21/09/2023
C0335,Anika Sultana,Retail,Dhaka,03/07/2022
C0336,Tanvir Ahmed,Corporate,Chattogram,05/04/2022
C0337,Imran Khan,Corporate,Rajshahi,20/04/2022
C0338,Mahmudul Islam,Retail,Dhaka,03/05/2023
C0339,Nusrat Jahan,Retail,Khulna,24/12/2022
C0340,Mahmudul Islam,Corporate,Rajshahi,18/11/2022
C0341,Shakib Ahmed,Corporate,Rajshahi,17/02/2022
C0342,Sadia Afrin,Retail,Khulna,19/11/2023
C0343,Mahmudul Islam,Corporate,Dhaka,03/08/2024
C0344,Mahmudul Islam,Corporate,Dhaka,17/05/2022
C0345,Shakib Ahmed,Corporate,Chattogram,11/07/2024
C0346,Arif Chowdhhury,Corporate,Khulna,23/09/2023
C0347,Imran Khan,Corporate,Rajshahi,02/12/2023
C0348,Farhana Akter,Retail,Rajshahi,21/11/2023
C0349,Nusrat Jahan,Corporate,Chattogram,13/07/2024
C0350,Farhana Akter,Retail,Chattogram,02/02/2022
C0351,Tanvir Ahmed,Corporate,Rajshahi,24/06/2022
C0352,Hasan Mahmud,Retail,Khulna,04/01/2024
C0353,Karim Hasan,Corporate,Rajshahi,26/11/2022
C0354,Tania Rahman,Corporate,Khulna,23/05/2023
C0355,Nayeem Islam,Corporate,Chattogram,30/01/2023
C0356,Anika Sultana,Retail,Rajshahi,29/07/2023
C0357,Mehedi Hasan,Retail,Khulna,05/12/2023
C0358,Mariam Khatun,Corporate,Dhaka,03/12/2022
C0359,Fahim Rahman,Retail,Dhaka,28/02/2024
C0360,Rahim Uddin,Corporate,Rajshahi,13/12/2022
C0361,Sabbir Hossain,Retail,Dhaka,19/02/2024
C0362,Karim Hasan,Retail,Khulna,26/04/2023
C0363,Farhana Akter,Corporate,Khulna,28/05/2022
C0364,Fahim Rahman,Corporate,Dhaka,01/11/2023
C0365,Shakib Ahmed,Corporate,Dhaka,03/02/2022
C0366,Shakib Ahmed,Corporate,Rajshahi,20/05/2022
C0367,Anika Sultana,Corporate,Dhaka,13/09/2024
C0368,Mahmudul Islam,Retail,Khulna,13/04/2023
C0369,Tania Rahman,Retail,Rajshahi,07/06/2024
C0370,Sabbir Hossain,Corporate,Khulna,13/10/2023
C0371,Sabbir Hossain,Corporate,Chattogram,02/04/2024
C0372,Rahim Uddin,Retail,Chattogram,17/08/2024
C0373,Rahim Uddin,Retail,Khulna,14/08/2023
C0374,Fahim Rahman,Corporate,Khulna,15/03/2023
C0375,Sabbir Hossain,Retail,Khulna,06/05/2024
C0376,Shakib Ahmed,Retail,Khulna,27/07/2022
C0377,Sabbir Hossain,Retail,Chattogram,23/10/2023
C0378,Mariam Khatun,Retail,Chattogram,24/01/2023
C0379,Imran Khan,Retail,Chattogram,11/12/2022
C0380,Tanvir Ahmed,Retail,Chattogram,15/01/2024
C0381,Arif Chowdhhury,Retail,Dhaka,16/12/2022
C0382,Arif Chowdhhury,Retail,Khulna,02/09/2024
C0383,Tania Rahman,Retail,Dhaka,18/08/2024
C0384,Rima Begum,Retail,Chattogram,28/01/2022
C0385,Nusrat Jahan,Retail,Dhaka,18/07/2023
C0386,Sadia Afrin,Retail,Chattogram,31/07/2024
C0387,Shakib Ahmed,Retail,Rajshahi,14/05/2023
C0388,Imran Khan,Retail,Rajshahi,21/05/2023
C0389,Rima Begum,Corporate,Chattogram,17/02/2023
C0390,Mahmudul Islam,Retail,Rajshahi,13/11/2023
C0391,Mahmudul Islam,Retail,Khulna,03/03/2024
C0392,Karim Hasan,Retail,Dhaka,31/05/2022
C0393,Sadia Afrin,Corporate,Dhaka,09/08/2024
C0394,Sadia Afrin,Retail,Rajshahi,09/08/2024
C0395,Anika Sultana,Retail,Khulna,20/12/2022
C0396,Karim Hasan,Retail,Khulna,14/01/2023
C0397,Shakib Ahmed,Retail,Chattogram,11/11/2023
C0398,Sadia Afrin,Corporate,Dhaka,01/04/2023
C0399,Farhana Akter,Retail,Chattogram,31/05/2022
C0400,Fahim Rahman,Corporate,Rajshahi,23/01/2024
C0401,Fahim Rahman,Retail,Dhaka,01/03/2022
C0402,Rima Begum,Retail,Rajshahi,16/09/2024
C0403,Mahmudul Islam,Retail,Khulna,21/06/2024
C0404,Farhana Akter,Retail,Chattogram,29/08/2022
C0405,Anika Sultana,Corporate,Dhaka,05/09/2022
C0406,Rashidul Hasan,Corporate,Chattogram,17/03/2024
C0407,Mariam Khatun,Retail,Chattogram,08/11/2022
C0408,Sabbir Hossain,Retail,Chattogram,21/02/2022
C0409,Tanvir Ahmed,Retail,Dhaka,09/04/2023
C0410,Imran Khan,Corporate,Rajshahi,10/07/2023
C0411,Karim Hasan,Corporate,Khulna,06/09/2023
C0412,Mehedi Hasan,Corporate,Chattogram,09/12/2022
C0413,Sadia Afrin,Retail,Rajshahi,13/12/2022
C0414,Sabbir Hossain,Retail,Dhaka,19/04/2024
C0415,Hasan Mahmud,Retail,Dhaka,20/09/2023
C0416,Arif Chowdhhury,Retail,Chattogram,24/04/2022
C0417,Nayeem Islam,Corporate,Khulna,28/03/2023
C0418,Mehedi Hasan,Corporate,Chattogram,14/04/2024
C0419,Rima Begum,Retail,Khulna,10/06/2024
C0420,Rahim Uddin,Retail,Chattogram,27/09/2023
C0421,Sadia Afrin,Retail,Dhaka,16/01/2023
C0422,Karim Hasan,Retail,Rajshahi,16/08/2023
C0423,Tanvir Ahmed,Corporate,Dhaka,21/07/2024
C0424,Imran Khan,Corporate,Rajshahi,08/06/2024
C0425,Rashidul Hasan,Corporate,Rajshahi,31/10/2022
C0426,Mariam Khatun,Corporate,Dhaka,08/01/2022
C0427,Nayeem Islam,Retail,Dhaka,23/03/2022
C0428,Anika Sultana,Retail,Khulna,15/02/2022
C0429,Fahim Rahman,Retail,Chattogram,14/07/2024
C0430,Hasan Mahmud,Retail,Khulna,27/05/2022
C0431,Arif Chowdhhury,Retail,Dhaka,12/01/2024
C0432,Tanvir Ahmed,Corporate,Rajshahi,28/02/2024
C0433,Mehedi Hasan,Corporate,Chattogram,02/05/2023
C0434,Rashidul Hasan,Corporate,Dhaka,31/08/2022
C0435,Arif Chowdhhury,Retail,Rajshahi,30/01/2023
C0436,Mehedi Hasan,Retail,Khulna,26/12/2022
C0437,Sabbir Hossain,Retail,Rajshahi,01/07/2023
C0438,Imran Khan,Corporate,Rajshahi,18/02/2024
C0439,Nayeem Islam,Corporate,Khulna,19/03/2024
C0440,Tania Rahman,Corporate,Chattogram,09/05/2023
C0441,Sadia Afrin,Corporate,Rajshahi,26/10/2022
C0442,Imran Khan,Retail,Khulna,18/08/2023
C0443,Arif Chowdhhury,Corporate,Chattogram,24/02/2024
C0444,Mahmudul Islam,Retail,Khulna,04/08/2023
C0445,Shakib Ahmed,Retail,Chattogram,14/02/2023
C0446,Sabbir Hossain,Retail,Chattogram,01/04/2023
C0447,Nayeem Islam,Retail,Khulna,06/08/2024
C0448,Anika Sultana,Corporate,Khulna,07/11/2022
C0449,Tania Rahman,Retail,Chattogram,30/12/2023
C0450,Sadia Afrin,Corporate,Khulna,23/08/2023
C0451,Tania Rahman,Corporate,Khulna,11/03/2024
C0452,Rima Begum,Corporate,Rajshahi,08/02/2023
C0453,Tania Rahman,Corporate,Rajshahi,22/02/2023
C0454,Farhana Akter,Retail,Chattogram,10/07/2022
C0455,Rashidul Hasan,Corporate,Rajshahi,28/10/2023
C0456,Imran Khan,Corporate,Dhaka,17/04/2022
C0457,Farhana Akter,Corporate,Khulna,11/01/2023
C0458,Karim Hasan,Retail,Chattogram,11/11/2023
C0459,Anika Sultana,Retail,Chattogram,13/03/2022
C0460,Karim Hasan,Corporate,Khulna,25/01/2022
C0461,Imran Khan,Retail,Chattogram,28/07/2024
C0462,Rashidul Hasan,Corporate,Dhaka,07/07/2022
C0463,Anika Sultana,Corporate,Rajshahi,09/02/2024
C0464,Tania Rahman,Corporate,Rajshahi,08/02/2023
C0465,Rima Begum,Corporate,Dhaka,29/06/2023
C0466,Arif Chowdhhury,Retail,Chattogram,01/06/2023
C0467,Mariam Khatun,Retail,Rajshahi,17/12/2022
C0468,Mahmudul Islam,Retail,Chattogram,21/06/2022
C0469,Fahim Rahman,Retail,Rajshahi,16/03/2023
C0470,Tanvir Ahmed,Corporate,Chattogram,03/04/2022
C0471,Fahim Rahman,Retail,Chattogram,30/07/2024
C0472,Rima Begum,Retail,Rajshahi,08/01/2024
C0473,Tanvir Ahmed,Corporate,Rajshahi,21/03/2023
C0474,Tanvir Ahmed,Retail,Dhaka,01/04/2024
C0475,Anika Sultana,Corporate,Dhaka,04/04/2024
C0476,Anika Sultana,Retail,Chattogram,02/06/2024
C0477,Tania Rahman,Retail,Khulna,23/10/2023
C0478,Arif Chowdhhury,Corporate,Khulna,19/02/2023
C0479,Rahim Uddin,Retail,Chattogram,30/10/2022
C0480,Rahim Uddin,Corporate,Dhaka,29/03/2024
C0481,Tania Rahman,Corporate,Dhaka,23/04/2024
C0482,Mahmudul Islam,Retail,Khulna,23/02/2022
C0483,Anika Sultana,Corporate,Rajshahi,05/11/2023
C0484,Rima Begum,Retail,Khulna,16/08/2023
C0485,Fahim Rahman,Corporate,Chattogram,13/01/2022
C0486,Karim Hasan,Retail,Rajshahi,14/01/2023
C0487,Fahim Rahman,Retail,Khulna,25/03/2024
C0488,Sadia Afrin,Retail,Chattogram,23/02/2024
C0489,Tanvir Ahmed,Retail,Dhaka,17/02/2023
C0490,Nayeem Islam,Retail,Chattogram,10/02/2024
C0491,Hasan Mahmud,Corporate,Khulna,05/09/2022
C0492,Anika Sultana,Corporate,Khulna,24/02/2023
C0493,Nayeem Islam,Corporate,Rajshahi,26/04/2022
C0494,Rashidul Hasan,Corporate,Rajshahi,03/07/2023
C0495,Farhana Akter,Retail,Khulna,18/09/2024
C0496,Rashidul Hasan,Retail,Rajshahi,15/10/2023
C0497,Nayeem Islam,Corporate,Dhaka,04/04/2023
C0498,Karim Hasan,Retail,Dhaka,20/09/2024
C0499,Sabbir Hossain,Corporate,Dhaka,31/10/2022
C0500,Karim Hasan,Corporate,Khulna,16/07/2024
C0501,Farhana Akter,Retail,Rajshahi,01/11/2022
C0502,Imran Khan,Retail,Rajshahi,13/01/2023
C0503,Shakib Ahmed,Corporate,Dhaka,02/10/2023
C0504,Rima Begum,Retail,Dhaka,03/11/2023
C0505,Nayeem Islam,Retail,Khulna,07/07/2022
C0506,Imran Khan,Retail,Dhaka,25/11/2023
C0507,Mahmudul Islam,Retail,Rajshahi,12/07/2024
C0508,Anika Sultana,Corporate,Dhaka,29/05/2022
C0509,Hasan Mahmud,Corporate,Chattogram,28/06/2023
C0510,Anika Sultana,Corporate,Chattogram,14/03/2024
C0511,Nayeem Islam,Corporate,Dhaka,25/02/2023
C0512,Anika Sultana,Retail,Rajshahi,24/02/2022
C0513,Mariam Khatun,Corporate,Khulna,27/11/2022
C0514,Tanvir Ahmed,Retail,Chattogram,26/05/2024
C0515,Rashidul Hasan,Corporate,Rajshahi,18/04/2023
C0516,Shakib Ahmed,Retail,Khulna,28/11/2023
C0517,Imran Khan,Retail,Rajshahi,29/10/2023
C0518,Tania Rahman,Corporate,Chattogram,02/06/2022
C0519,Sadia Afrin,Retail,Rajshahi,06/06/2024
C0520,Rima Begum,Retail,Chattogram,01/03/2022
C0521,Rahim Uddin,Retail,Rajshahi,11/06/2022
C0522,Karim Hasan,Retail,Chattogram,24/01/2024
C0523,Tanvir Ahmed,Retail,Dhaka,17/07/2022
C0524,Anika Sultana,Retail,Dhaka,23/10/2022
C0525,Sadia Afrin,Retail,Khulna,15/12/2022
C0526,Mehedi Hasan,Retail,Dhaka,01/03/2023
C0527,Mehedi Hasan,Retail,Rajshahi,21/09/2023
C0528,Mariam Khatun,Corporate,Chattogram,03/04/2022
C0529,Mehedi Hasan,Retail,Chattogram,30/06/2024
C0530,Mehedi Hasan,Corporate,Dhaka,26/04/2024
C0531,Tanvir Ahmed,Corporate,Dhaka,12/10/2022
C0532,Arif Chowdhhury,Retail,Rajshahi,07/06/2022
C0533,Nusrat Jahan,Corporate,Dhaka,16/01/2022
C0534,Mehedi Hasan,Retail,Rajshahi,03/02/2024
C0535,Shakib Ahmed,Corporate,Khulna,26/10/2023
C0536,Tania Rahman,Corporate,Rajshahi,29/05/2023
C0537,Rahim Uddin,Retail,Rajshahi,04/09/2022
C0538,Arif Chowdhhury,Retail,Dhaka,26/07/2023
C0539,Arif Chowdhhury,Retail,Dhaka,08/11/2022
C0540,Sabbir Hossain,Retail,Chattogram,16/04/2024
C0541,Hasan Mahmud,Corporate,Khulna,12/12/2022
C0542,Mehedi Hasan,Corporate,Dhaka,05/04/2024
C0543,Anika Sultana,Retail,Khulna,06/09/2022
C0544,Sabbir Hossain,Corporate,Dhaka,22/04/2024
C0545,Tania Rahman,Retail,Dhaka,31/01/2022
C0546,Fahim Rahman,Retail,Rajshahi,28/06/2024
C0547,Mehedi Hasan,Corporate,Dhaka,18/10/2023
C0548,Mahmudul Islam,Corporate,Khulna,31/07/2022
C0549,Mariam Khatun,Corporate,Khulna,25/06/2022
C0550,Hasan Mahmud,Retail,Dhaka,11/06/2024
C0551,Tania Rahman,Retail,Chattogram,28/03/2022
C0552,Mehedi Hasan,Retail,Dhaka,27/05/2024
C0553,Sabbir Hossain,Retail,Dhaka,01/07/2023
C0554,Imran Khan,Retail,Khulna,25/08/2024
C0555,Mariam Khatun,Retail,Dhaka,02/04/2023
C0556,Sadia Afrin,Corporate,Rajshahi,08/06/2022
C0557,Tania Rahman,Corporate,Rajshahi,26/04/2024
C0558,Karim Hasan,Retail,Khulna,16/08/2024
C0559,Hasan Mahmud,Corporate,Dhaka,24/10/2022
C0560,Karim Hasan,Corporate,Chattogram,02/07/2024
C0561,Karim Hasan,Retail,Chattogram,16/11/2023
C0562,Farhana Akter,Corporate,Khulna,18/07/2023
C0563,Sadia Afrin,Retail,Khulna,07/03/2024
C0564,Karim Hasan,Retail,Khulna,02/03/2023
C0565,Nusrat Jahan,Corporate,Rajshahi,22/05/2024
C0566,Farhana Akter,Corporate,Dhaka,20/02/2022
C0567,Sadia Afrin,Retail,Rajshahi,14/04/2024
C0568,Karim Hasan,Corporate,Dhaka,24/04/2022
C0569,Shakib Ahmed,Corporate,Dhaka,26/08/2024
C0570,Nusrat Jahan,Retail,Khulna,18/11/2022
C0571,Nusrat Jahan,Corporate,Chattogram,04/03/2023
C0572,Mariam Khatun,Retail,Chattogram,03/06/2024
C0573,Mehedi Hasan,Retail,Khulna,13/07/2023
C0574,Shakib Ahmed,Retail,Rajshahi,20/10/2023
C0575,Mahmudul Islam,Corporate,Rajshahi,20/08/2022
C0576,Sabbir Hossain,Corporate,Dhaka,01/04/2022
C0577,Fahim Rahman,Retail,Dhaka,06/04/2023
C0578,Sadia Afrin,Retail,Chattogram,28/04/2022
C0579,Rahim Uddin,Corporate,Dhaka,10/03/2022
C0580,Mariam Khatun,Retail,Rajshahi,03/05/2024
C0581,Rahim Uddin,Retail,Dhaka,27/09/2024
C0582,Rima Begum,Retail,Dhaka,25/04/2023
C0583,Arif Chowdhhury,Corporate,Dhaka,31/01/2023
C0584,Mariam Khatun,Retail,Chattogram,23/03/2022
C0585,Anika Sultana,Corporate,Khulna,14/01/2023
C0586,Rashidul Hasan,Corporate,Chattogram,06/03/2023
C0587,Mariam Khatun,Retail,Chattogram,25/02/2023
C0588,Imran Khan,Corporate,Rajshahi,15/07/2024
C0589,Tanvir Ahmed,Corporate,Dhaka,19/10/2023
C0590,Sadia Afrin,Retail,Rajshahi,17/01/2023
C0591,Rima Begum,Retail,Chattogram,02/09/2024
C0592,Sadia Afrin,Corporate,Rajshahi,20/09/2023
C0593,Rima Begum,Corporate,Rajshahi,14/11/2023
C0594,Tania Rahman,Retail,Khulna,13/05/2022
C0595,Nayeem Islam,Corporate,Khulna,29/11/2022
C0596,Hasan Mahmud,Retail,Khulna,23/09/2023
C0597,Tanvir Ahmed,Corporate,Chattogram,06/06/2023
C0598,Tania Rahman,Retail,Rajshahi,07/06/2022
C0599,Rima Begum,Corporate,Dhaka,22/01/2022
C0600,Tanvir Ahmed,Retail,Chattogram,08/01/2023
C0601,Tanvir Ahmed,Retail,Dhaka,23/10/2023
C0602,Tanvir Ahmed,Retail,Khulna,30/11/2023
C0603,Rashidul Hasan,Retail,Khulna,27/03/2024
C0604,Nayeem Islam,Retail,Dhaka,23/01/2024
C0605,Mariam Khatun,Retail,Khulna,01/04/2022
C0606,Arif Chowdhhury,Corporate,Khulna,21/09/2023
C0607,Nusrat Jahan,Corporate,Khulna,03/05/2024
C0608,Nayeem Islam,Corporate,Khulna,06/03/2023
C0609,Rashidul Hasan,Corporate,Khulna,17/01/2022
C0610,Mahmudul Islam,Corporate,Dhaka,11/10/2022
C0611,Karim Hasan,Retail,Dhaka,14/01/2024
C0612,Rima Begum,Corporate,Dhaka,13/03/2024
C0613,Rima Begum,Retail,Khulna,08/02/2023
C0614,Tanvir Ahmed,Corporate,Rajshahi,21/07/2022
C0615,Arif Chowdhhury,Corporate,Khulna,26/01/2022
C0616,Arif Chowdhhury,Corporate,Chattogram,07/06/2022
C0617,Shakib Ahmed,Retail,Dhaka,30/08/2022
C0618,Rima Begum,Retail,Chattogram,11/05/2023
C0619,Shakib Ahmed,Retail,Rajshahi,29/03/2022
C0620,Rashidul Hasan,Corporate,Chattogram,21/01/2022
C0621,Nayeem Islam,Corporate,Khulna,20/01/2023
C0622,Arif Chowdhhury,Corporate,Chattogram,22/04/2024
C0623,Tanvir Ahmed,Retail,Chattogram,27/06/2023
C0624,Rahim Uddin,Retail,Khulna,03/07/2024
C0625,Nusrat Jahan,Retail,Dhaka,31/10/2023
C0626,Mehedi Hasan,Corporate,Chattogram,20/01/2023
C0627,Tania Rahman,Retail,Chattogram,22/12/2023
C0628,Imran Khan,Corporate,Rajshahi,22/06/2022
C0629,Shakib Ahmed,Retail,Rajshahi,12/04/2022
C0630,Karim Hasan,Retail,Dhaka,15/07/2024
C0631,Rashidul Hasan,Retail,Rajshahi,29/04/2022
C0632,Farhana Akter,Retail,Dhaka,10/05/2024
C0633,Fahim Rahman,Corporate,Khulna,03/04/2022
C0634,Mahmudul Islam,Retail,Dhaka,12/07/2024
C0635,Sabbir Hossain,Corporate,Rajshahi,07/03/2023
C0636,Nusrat Jahan,Corporate,Khulna,02/01/2022
C0637,Sabbir Hossain,Corporate,Chattogram,23/03/2023
C0638,Sabbir Hossain,Retail,Chattogram,28/08/2022
C0639,Nayeem Islam,Retail,Rajshahi,15/08/2023
C0640,Tania Rahman,Retail,Rajshahi,15/11/2022
C0641,Mehedi Hasan,Retail,Dhaka,17/06/2023
C0642,Hasan Mahmud,Corporate,Rajshahi,06/01/2022
C0643,Arif Chowdhhury,Retail,Chattogram,20/05/2022
C0644,Shakib Ahmed,Corporate,Chattogram,10/08/2024
C0645,Mahmudul Islam,Retail,Dhaka,29/12/2023
C0646,Hasan Mahmud,Corporate,Dhaka,30/06/2022
C0647,Mariam Khatun,Corporate,Chattogram,10/08/2023
C0648,Karim Hasan,Retail,Rajshahi,09/07/2022
C0649,Mehedi Hasan,Retail,Khulna,01/06/2022
C0650,Arif Chowdhhury,Corporate,Rajshahi,01/08/2022
C0651,Mariam Khatun,Corporate,Rajshahi,24/10/2023
C0652,Rima Begum,Corporate,Khulna,16/05/2023
C0653,Rashidul Hasan,Corporate,Khulna,07/10/2022
C0654,Mariam Khatun,Corporate,Dhaka,22/07/2024
C0655,Fahim Rahman,Corporate,Chattogram,29/03/2023
C0656,Rahim Uddin,Corporate,Khulna,28/07/2024
C0657,Tanvir Ahmed,Retail,Dhaka,10/04/2023
C0658,Karim Hasan,Retail,Dhaka,02/12/2023
C0659,Tania Rahman,Retail,Rajshahi,22/05/2023
C0660,Nusrat Jahan,Corporate,Khulna,04/01/2023
C0661,Fahim Rahman,Corporate,Dhaka,24/03/2023
C0662,Fahim Rahman,Retail,Rajshahi,11/11/2022
C0663,Rima Begum,Corporate,Rajshahi,10/10/2023
C0664,Mariam Khatun,Corporate,Rajshahi,17/06/2022
C0665,Hasan Mahmud,Retail,Khulna,28/11/2023
C0666,Imran Khan,Corporate,Rajshahi,22/03/2023
C0667,Mahmudul Islam,Corporate,Dhaka,14/01/2023
C0668,Mahmudul Islam,Retail,Chattogram,22/03/2023
C0669,Rima Begum,Corporate,Khulna,02/07/2024
C0670,Tania Rahman,Retail,Rajshahi,10/04/2023
C0671,Mahmudul Islam,Retail,Chattogram,21/06/2023
C0672,Arif Chowdhhury,Corporate,Khulna,01/04/2022
C0673,Sabbir Hossain,Corporate,Dhaka,17/06/2024
C0674,Sabbir Hossain,Corporate,Rajshahi,07/04/2024
C0675,Tania Rahman,Corporate,Chattogram,23/01/2023
C0676,Mariam Khatun,Retail,Khulna,16/12/2023
C0677,Karim Hasan,Corporate,Chattogram,11/02/2023
C0678,Sadia Afrin,Retail,Rajshahi,13/08/2022
C0679,Anika Sultana,Retail,Rajshahi,12/10/2022
C0680,Arif Chowdhhury,Corporate,Dhaka,21/02/2022
C0681,Farhana Akter,Retail,Khulna,03/08/2024
C0682,Shakib Ahmed,Corporate,Dhaka,04/11/2023
C0683,Nusrat Jahan,Corporate,Chattogram,25/09/2022
C0684,Fahim Rahman,Retail,Khulna,21/12/2022
C0685,Imran Khan,Corporate,Rajshahi,19/08/2022
C0686,Hasan Mahmud,Retail,Dhaka,05/03/2023
C0687,Rima Begum,Corporate,Dhaka,25/03/2024
C0688,Sadia Afrin,Corporate,Rajshahi,19/10/2022
C0689,Arif Chowdhhury,Corporate,Khulna,23/04/2024
C0690,Rashidul Hasan,Retail,Dhaka,25/11/2022
C0691,Rashidul Hasan,Corporate,Dhaka,30/01/2022
C0692,Imran Khan,Corporate,Chattogram,24/06/2022
C0693,Rahim Uddin,Corporate,Chattogram,07/08/2024
C0694,Farhana Akter,Corporate,Khulna,19/04/2022
C0695,Nusrat Jahan,Corporate,Chattogram,21/01/2024
C0696,Rahim Uddin,Corporate,Khulna,07/05/2022
C0697,Hasan Mahmud,Retail,Rajshahi,22/10/2023
C0698,Sabbir Hossain,Retail,Rajshahi,22/07/2022
C0699,Shakib Ahmed,Corporate,Khulna,02/01/2023
C0700,Karim Hasan,Retail,Khulna,27/09/2022
C0701,Karim Hasan,Retail,Rajshahi,25/09/2022
C0702,Rashidul Hasan,Corporate,Chattogram,20/01/2022
C0703,Arif Chowdhhury,Corporate,Chattogram,26/11/2022
C0704,Fahim Rahman,Corporate,Rajshahi,28/08/2024
C0705,Tanvir Ahmed,Corporate,Rajshahi,25/09/2024
C0706,Imran Khan,Retail,Khulna,22/02/2022
C0707,Shakib Ahmed,Retail,Rajshahi,17/01/2022
C0708,Rahim Uddin,Retail,Chattogram,24/08/2023
C0709,Sabbir Hossain,Retail,Khulna,30/07/2023
C0710,Nayeem Islam,Corporate,Chattogram,15/09/2023
C0711,Fahim Rahman,Retail,Dhaka,15/01/2024
C0712,Fahim Rahman,Corporate,Khulna,24/09/2022
C0713,Tanvir Ahmed,Retail,Dhaka,08/03/2024
C0714,Fahim Rahman,Corporate,Rajshahi,06/04/2022
C0715,Rima Begum,Retail,Dhaka,08/01/2024
C0716,Rashidul Hasan,Corporate,Dhaka,08/04/2023
C0717,Nusrat Jahan,Retail,Rajshahi,10/10/2022
C0718,Farhana Akter,Retail,Dhaka,18/04/2023
C0719,Sadia Afrin,Corporate,Rajshahi,22/09/2023
C0720,Mariam Khatun,Corporate,Chattogram,26/09/2022
C0721,Anika Sultana,Retail,Khulna,30/09/2023
C0722,Rima Begum,Corporate,Chattogram,11/03/2024
C0723,Karim Hasan,Corporate,Khulna,23/09/2022
C0724,Mehedi Hasan,Retail,Khulna,15/11/2022
C0725,Arif Chowdhhury,Corporate,Chattogram,23/05/2024
C0726,Hasan Mahmud,Retail,Dhaka,28/04/2023
C0727,Rashidul Hasan,Corporate,Khulna,21/06/2022
C0728,Fahim Rahman,Corporate,Khulna,29/09/2022
C0729,Fahim Rahman,Corporate,Chattogram,24/08/2023
C0730,Tania Rahman,Retail,Chattogram,28/04/2024
C0731,Nayeem Islam,Retail,Chattogram,09/09/2023
C0732,Mariam Khatun,Corporate,Khulna,20/12/2022
C0733,Tanvir Ahmed,Retail,Rajshahi,17/06/2023
C0734,Shakib Ahmed,Corporate,Dhaka,26/12/2022
C0735,Fahim Rahman,Corporate,Dhaka,15/12/2022
C0736,Nusrat Jahan,Corporate,Dhaka,03/02/2023
C0737,Imran Khan,Retail,Dhaka,11/01/2022
C0738,Imran Khan,Corporate,Khulna,16/03/2024
C0739,Imran Khan,Corporate,Khulna,08/01/2023
C0740,Imran Khan,Corporate,Chattogram,29/03/2024
C0741,Karim Hasan,Corporate,Rajshahi,09/06/2023
C0742,Fahim Rahman,Retail,Dhaka,27/09/2023
C0743,Anika Sultana,Corporate,Dhaka,15/01/2024
C0744,Tania Rahman,Corporate,Khulna,18/09/2024
C0745,Rima Begum,Corporate,Dhaka,28/07/2022
C0746,Imran Khan,Retail,Dhaka,11/05/2022
C0747,Sabbir Hossain,Retail,Khulna,07/02/2023
C0748,Anika Sultana,Corporate,Rajshahi,08/01/2024
C0749,Rima Begum,Corporate,Khulna,27/07/2023
C0750,Nayeem Islam,Retail,Dhaka,14/11/2023
C0751,Imran Khan,Retail,Dhaka,01/07/2022
C0752,Fahim Rahman,Corporate,Rajshahi,05/11/2022
C0753,Tanvir Ahmed,Corporate,Khulna,22/02/2022
C0754,Farhana Akter,Retail,Dhaka,17/01/2023
C0755,Rashidul Hasan,Corporate,Dhaka,17/05/2023
C0756,Arif Chowdhhury,Retail,Chattogram,17/09/2024
C0757,Fahim Rahman,Corporate,Chattogram,31/10/2023
C0758,Tanvir Ahmed,Retail,Dhaka,22/02/2023
C0759,Tania Rahman,Retail,Rajshahi,15/09/2023
C0760,Arif Chowdhhury,Retail,Chattogram,23/06/2023
C0761,Imran Khan,Corporate,Chattogram,27/04/2024
C0762,Anika Sultana,Retail,Dhaka,07/04/2022
C0763,Imran Khan,Retail,Chattogram,18/02/2023
C0764,Rashidul Hasan,Retail,Rajshahi,31/12/2023
C0765,Mahmudul Islam,Corporate,Rajshahi,28/06/2023
C0766,Karim Hasan,Corporate,Chattogram,20/05/2022
C0767,Rahim Uddin,Retail,Dhaka,05/02/2024
C0768,Fahim Rahman,Retail,Chattogram,19/10/2022
C0769,Rashidul Hasan,Retail,Dhaka,15/05/2024
C0770,Nusrat Jahan,Retail,Chattogram,05/07/2022
C0771,Rahim Uddin,Corporate,Rajshahi,19/06/2024
C0772,Rima Begum,Corporate,Dhaka,09/03/2022
C0773,Mehedi Hasan,Corporate,Dhaka,24/03/2022
C0774,Mehedi Hasan,Corporate,Dhaka,21/06/2023
C0775,Karim Hasan,Corporate,Rajshahi,07/02/2024
C0776,Mehedi Hasan,Retail,Dhaka,18/10/2023
C0777,Anika Sultana,Corporate,Chattogram,29/03/2024
C0778,Hasan Mahmud,Retail,Rajshahi,23/08/2022
C0779,Karim Hasan,Corporate,Dhaka,29/10/2022
C0780,Anika Sultana,Corporate,Khulna,27/03/2024
C0781,Mariam Khatun,Corporate,Rajshahi,10/05/2024
C0782,Tania Rahman,Retail,Chattogram,16/04/2023
C0783,Rashidul Hasan,Corporate,Dhaka,27/01/2022
C0784,Rashidul Hasan,Corporate,Rajshahi,13/11/2023
C0785,Arif Chowdhhury,Corporate,Dhaka,28/08/2024
C0786,Mahmudul Islam,Retail,Chattogram,02/06/2023
C0787,Rahim Uddin,Corporate,Khulna,11/11/2022
C0788,Tanvir Ahmed,Corporate,Dhaka,29/04/2022
C0789,Sabbir Hossain,Corporate,Chattogram,05/08/2022
C0790,Anika Sultana,Retail,Chattogram,16/11/2022
C0791,Mehedi Hasan,Corporate,Dhaka,15/10/2022
C0792,Karim Hasan,Retail,Dhaka,08/12/2022
C0793,Sabbir Hossain,Corporate,Khulna,27/06/2023
C0794,Sabbir Hossain,Retail,Rajshahi,14/02/2023
C0795,Farhana Akter,Retail,Khulna,02/04/2023
C0796,Imran Khan,Corporate,Dhaka,23/06/2024
C0797,Arif Chowdhhury,Corporate,Dhaka,03/09/2024
C0798,Hasan Mahmud,Corporate,Rajshahi,13/07/2024
C0799,Nusrat Jahan,Retail,Dhaka,04/06/2023
C0800,Rashidul Hasan,Retail,Rajshahi,04/09/2022
C0801,Karim Hasan,Retail,Chattogram,24/06/2022
C0802,Mehedi Hasan,Corporate,Chattogram,04/10/2022
C0803,Shakib Ahmed,Corporate,Chattogram,17/12/2022
C0804,Sabbir Hossain,Corporate,Chattogram,18/11/2023
C0805,Tania Rahman,Retail,Khulna,16/06/2024
C0806,Rashidul Hasan,Corporate,Khulna,15/05/2024
C0807,Hasan Mahmud,Corporate,Rajshahi,15/01/2022
C0808,Rashidul Hasan,Corporate,Rajshahi,27/10/2022
C0809,Farhana Akter,Corporate,Rajshahi,16/04/2024
C0810,Mahmudul Islam,Corporate,Chattogram,26/02/2022
C0811,Rima Begum,Retail,Rajshahi,25/09/2024
C0812,Rahim Uddin,Corporate,Rajshahi,08/08/2024
C0813,Farhana Akter,Corporate,Dhaka,11/09/2023
C0814,Nayeem Islam,Corporate,Chattogram,15/04/2023
C0815,Karim Hasan,Corporate,Khulna,21/01/2024
C0816,Sadia Afrin,Retail,Khulna,23/08/2023
C0817,Shakib Ahmed,Retail,Chattogram,27/11/2023
C0818,Nusrat Jahan,Retail,Chattogram,27/03/2024
C0819,Rima Begum,Corporate,Dhaka,14/01/2022
C0820,Mariam Khatun,Retail,Rajshahi,25/02/2023
C0821,Mahmudul Islam,Corporate,Rajshahi,11/02/2024
C0822,Karim Hasan,Retail,Chattogram,31/10/2023
C0823,Hasan Mahmud,Retail,Dhaka,23/11/2023
C0824,Rima Begum,Retail,Khulna,03/11/2023
C0825,Farhana Akter,Corporate,Rajshahi,18/01/2023
C0826,Nusrat Jahan,Retail,Khulna,13/11/2022
C0827,Tania Rahman,Corporate,Rajshahi,30/04/2022
C0828,Imran Khan,Corporate,Chattogram,17/10/2023
C0829,Sadia Afrin,Retail,Rajshahi,31/03/2023
C0830,Sadia Afrin,Retail,Dhaka,23/11/2022
C0831,Nusrat Jahan,Retail,Rajshahi,23/01/2023
C0832,Sadia Afrin,Corporate,Chattogram,04/02/2024
C0833,Nayeem Islam,Retail,Khulna,28/12/2023
C0834,Rashidul Hasan,Retail,Khulna,09/07/2023
C0835,Hasan Mahmud,Corporate,Rajshahi,20/09/2023
C0836,Mehedi Hasan,Corporate,Khulna,06/09/2023
C0837,Rahim Uddin,Corporate,Chattogram,18/02/2024
C0838,Imran Khan,Corporate,Khulna,06/04/2022
C0839,Rashidul Hasan,Retail,Dhaka,21/03/2022
C0840,Nusrat Jahan,Retail,Rajshahi,28/01/2023
C0841,Hasan Mahmud,Corporate,Chattogram,17/02/2024
C0842,Arif Chowdhhury,Corporate,Khulna,26/09/2022
C0843,Rashidul Hasan,Corporate,Khulna,02/08/2022
C0844,Hasan Mahmud,Corporate,Khulna,12/11/2023
C0845,Nusrat Jahan,Retail,Khulna,15/08/2023
C0846,Rima Begum,Corporate,Khulna,27/04/2023
C0847,Rahim Uddin,Retail,Dhaka,25/09/2024
C0848,Nayeem Islam,Retail,Rajshahi,16/02/2023
C0849,Farhana Akter,Retail,Dhaka,22/01/2022
C0850,Shakib Ahmed,Corporate,Rajshahi,03/10/2023
C0851,Nayeem Islam,Corporate,Rajshahi,09/08/2023
C0852,Anika Sultana,Corporate,Dhaka,11/09/2022
C0853,Shakib Ahmed,Corporate,Rajshahi,28/07/2024
C0854,Mahmudul Islam,Retail,Khulna,15/03/2024
C0855,Imran Khan,Corporate,Khulna,27/08/2022
C0856,Anika Sultana,Retail,Rajshahi,25/05/2022
C0857,Nusrat Jahan,Corporate,Dhaka,20/10/2022
C0858,Karim Hasan,Corporate,Khulna,23/04/2024
C0859,Rahim Uddin,Retail,Dhaka,04/05/2022
C0860,Shakib Ahmed,Corporate,Chattogram,18/12/2023
C0861,Nusrat Jahan,Corporate,Dhaka,14/06/2022
C0862,Mariam Khatun,Corporate,Rajshahi,03/03/2023
C0863,Sadia Afrin,Retail,Chattogram,03/07/2023
C0864,Rahim Uddin,Retail,Dhaka,23/10/2022
C0865,Farhana Akter,Corporate,Khulna,16/09/2023
C0866,Farhana Akter,Corporate,Khulna,12/10/2023
C0867,Mariam Khatun,Retail,Khulna,27/03/2022
C0868,Mariam Khatun,Corporate,Rajshahi,14/01/2023
C0869,Farhana Akter,Retail,Rajshahi,23/02/2022
C0870,Rahim Uddin,Corporate,Chattogram,05/02/2023
C0871,Arif Chowdhhury,Corporate,Chattogram,04/06/2022
C0872,Rima Begum,Corporate,Chattogram,17/01/2023
C0873,Sadia Afrin,Corporate,Chattogram,18/07/2023
C0874,Rahim Uddin,Retail,Khulna,04/05/2022
C0875,Shakib Ahmed,Corporate,Chattogram,14/04/2024
C0876,Nayeem Islam,Retail,Khulna,24/03/2022
C0877,Mehedi Hasan,Retail,Chattogram,26/10/2022
C0878,Fahim Rahman,Corporate,Dhaka,03/07/2022
C0879,Shakib Ahmed,Corporate,Dhaka,08/04/2024
C0880,Mahmudul Islam,Corporate,Dhaka,02/06/2024
C0881,Fahim Rahman,Corporate,Rajshahi,24/09/2022
C0882,Karim Hasan,Retail,Dhaka,16/06/2023
C0883,Farhana Akter,Corporate,Khulna,15/02/2022
C0884,Mehedi Hasan,Corporate,Rajshahi,12/04/2022
C0885,Fahim Rahman,Retail,Rajshahi,21/06/2024
C0886,Sabbir Hossain,Corporate,Dhaka,07/08/2022
C0887,Mariam Khatun,Retail,Rajshahi,29/12/2022
C0888,Mehedi Hasan,Retail,Rajshahi,20/04/2022
C0889,Shakib Ahmed,Corporate,Rajshahi,03/07/2023
C0890,Rashidul Hasan,Retail,Dhaka,07/10/2023
C0891,Nayeem Islam,Corporate,Khulna,17/01/2023
C0892,Anika Sultana,Corporate,Dhaka,18/09/2024
C0893,Karim Hasan,Corporate,Rajshahi,07/07/2022
C0894,Rima Begum,Retail,Khulna,18/08/2022
C0895,Farhana Akter,Corporate,Khulna,15/10/2022
C0896,Fahim Rahman,Corporate,Chattogram,16/11/2023
C0897,Mehedi Hasan,Retail,Chattogram,06/02/2023
C0898,Sadia Afrin,Corporate,Khulna,01/09/2023
C0899,Mehedi Hasan,Corporate,Dhaka,03/06/2022
C0900,Tanvir Ahmed,Retail,Rajshahi,04/09/2022
C0901,Farhana Akter,Retail,Dhaka,20/05/2024
C0902,Mahmudul Islam,Retail,Chattogram,15/06/2023
C0903,Rima Begum,Corporate,Dhaka,18/05/2024
C0904,Karim Hasan,Retail,Chattogram,04/04/2024
C0905,Shakib Ahmed,Corporate,Chattogram,03/07/2022
C0906,Imran Khan,Corporate,Chattogram,17/04/2022
C0907,Mariam Khatun,Corporate,Chattogram,28/03/2024
C0908,Sadia Afrin,Corporate,Dhaka,18/07/2022
C0909,Mariam Khatun,Corporate,Dhaka,11/02/2023
C0910,Sabbir Hossain,Corporate,Khulna,12/12/2022
C0911,Mahmudul Islam,Retail,Khulna,20/03/2023
C0912,Fahim Rahman,Corporate,Dhaka,15/02/2024
C0913,Shakib Ahmed,Retail,Rajshahi,05/01/2023
C0914,Arif Chowdhhury,Corporate,Chattogram,30/04/2024
C0915,Tania Rahman,Retail,Chattogram,19/07/2024
C0916,Mehedi Hasan,Retail,Dhaka,18/07/2023
C0917,Tania Rahman,Retail,Chattogram,10/08/2024
C0918,Karim Hasan,Corporate,Chattogram,29/08/2023
C0919,Nayeem Islam,Corporate,Dhaka,31/12/2022
C0920,Arif Chowdhhury,Retail,Dhaka,16/12/2022
C0921,Rima Begum,Retail,Dhaka,22/04/2022
C0922,Anika Sultana,Retail,Rajshahi,13/05/2023
C0923,Fahim Rahman,Corporate,Rajshahi,25/12/2022
C0924,Anika Sultana,Retail,Rajshahi,12/02/2022
C0925,Mariam Khatun,Corporate,Khulna,26/06/2022
C0926,Sabbir Hossain,Corporate,Dhaka,07/01/2022
C0927,Sabbir Hossain,Retail,Rajshahi,30/09/2022
C0928,Imran Khan,Retail,Rajshahi,17/09/2024
C0929,Arif Chowdhhury,Retail,Khulna,28/11/2022
C0930,Imran Khan,Corporate,Khulna,01/05/2023
C0931,Tania Rahman,Corporate,Rajshahi,05/05/2022
C0932,Hasan Mahmud,Retail,Rajshahi,28/07/2023
C0933,Rima Begum,Corporate,Chattogram,25/05/2024
C0934,Mariam Khatun,Retail,Chattogram,21/06/2024
C0935,Sabbir Hossain,Corporate,Chattogram,23/02/2022
C0936,Farhana Akter,Corporate,Dhaka,23/09/2023
C0937,Arif Chowdhhury,Retail,Chattogram,29/03/2022
C0938,Mariam Khatun,Corporate,Dhaka,03/05/2023
C0939,Fahim Rahman,Corporate,Rajshahi,13/08/2024
C0940,Arif Chowdhhury,Retail,Rajshahi,03/08/2024
C0941,Nayeem Islam,Retail,Rajshahi,17/03/2023
C0942,Hasan Mahmud,Retail,Chattogram,08/02/2023
C0943,Sadia Afrin,Corporate,Chattogram,02/11/2023
C0944,Mahmudul Islam,Retail,Chattogram,05/12/2023
C0945,Imran Khan,Corporate,Dhaka,02/09/2022
C0946,Nayeem Islam,Retail,Dhaka,15/06/2022
C0947,Tanvir Ahmed,Corporate,Chattogram,22/03/2023
C0948,Rima Begum,Retail,Chattogram,02/01/2024
C0949,Rashidul Hasan,Retail,Rajshahi,19/03/2023
C0950,Arif Chowdhhury,Retail,Rajshahi,06/05/2023
C0951,Nusrat Jahan,Retail,Khulna,04/09/2022
C0952,Nayeem Islam,Corporate,Rajshahi,09/05/2024
C0953,Nusrat Jahan,Retail,Rajshahi,22/05/2022
C0954,Farhana Akter,Retail,Chattogram,31/05/2024
C0955,Hasan Mahmud,Retail,Dhaka,04/09/2023
C0956,Sabbir Hossain,Retail,Dhaka,24/04/2024
C0957,Mariam Khatun,Corporate,Rajshahi,16/08/2023
C0958,Sadia Afrin,Corporate,Chattogram,26/08/2022
C0959,Nusrat Jahan,Retail,Rajshahi,09/08/2022
C0960,Mariam Khatun,Corporate,Chattogram,20/07/2024
C0961,Rima Begum,Retail,Khulna,27/01/2024
C0962,Anika Sultana,Retail,Dhaka,08/09/2022
C0963,Farhana Akter,Corporate,Dhaka,02/05/2022
C0964,Anika Sultana,Retail,Dhaka,08/09/2023
C0965,Mariam Khatun,Corporate,Khulna,30/04/2022
C0966,Tanvir Ahmed,Retail,Rajshahi,09/06/2023
C0967,Anika Sultana,Retail,Dhaka,15/10/2022
C0968,Rahim Uddin,Retail,Rajshahi,16/11/2022
C0969,Tanvir Ahmed,Retail,Khulna,25/07/2024
C0970,Shakib Ahmed,Corporate,Chattogram,20/09/2023
C0971,Anika Sultana,Corporate,Rajshahi,17/02/2022
C0972,Farhana Akter,Retail,Rajshahi,30/07/2022
C0973,Mariam Khatun,Retail,Rajshahi,23/04/2022
C0974,Arif Chowdhhury,Corporate,Rajshahi,15/07/2023
C0975,Imran Khan,Corporate,Khulna,05/03/2023
C0976,Anika Sultana,Retail,Khulna,05/03/2024
C0977,Sabbir Hossain,Corporate,Dhaka,18/02/2023
C0978,Shakib Ahmed,Retail,Chattogram,15/08/2023
C0979,Farhana Akter,Corporate,Khulna,03/05/2024
C0980,Nusrat Jahan,Corporate,Khulna,08/11/2023
C0981,Tanvir Ahmed,Corporate,Chattogram,21/08/2022
C0982,Hasan Mahmud,Retail,Rajshahi,03/11/2023
C0983,Rahim Uddin,Retail,Rajshahi,27/12/2023
C0984,Nusrat Jahan,Corporate,Rajshahi,17/07/2022
C0985,Rashidul Hasan,Retail,Khulna,05/11/2022
C0986,Arif Chowdhhury,Retail,Chattogram,06/01/2024
C0987,Imran Khan,Corporate,Chattogram,03/03/2024
C0988,Fahim Rahman,Corporate,Dhaka,06/05/2023
C0989,Arif Chowdhhury,Corporate,Chattogram,30/03/2023
C0990,Fahim Rahman,Retail,Khulna,20/01/2023
C0991,Nusrat Jahan,Retail,Chattogram,09/01/2022
C0992,Tania Rahman,Retail,Dhaka,25/08/2024
C0993,Mehedi Hasan,Retail,Dhaka,01/08/2022
C0994,Tanvir Ahmed,Retail,Chattogram,25/09/2024
C0995,Mahmudul Islam,Corporate,Khulna,17/08/2023
C0996,Imran Khan,Retail,Dhaka,27/12/2022
C0997,Mahmudul Islam,Retail,Dhaka,22/05/2023
C0998,Rashidul Hasan,Retail,Khulna,18/04/2023
C0999,Sabbir Hossain,Corporate,Chattogram,11/01/2022
C1000,Karim Hasan,Retail,Dhaka,13/06/2024
C1001,Mariam Khatun,Corporate,Rajshahi,30/06/2024
C1002,Arif Chowdhhury,Retail,Khulna,23/06/2022
C1003,Tanvir Ahmed,Retail,Chattogram,04/06/2022
C1004,Shakib Ahmed,Corporate,Rajshahi,11/12/2023
C1005,Nusrat Jahan,Retail,Khulna,12/02/2022
C1006,Tanvir Ahmed,Retail,Rajshahi,17/02/2022
C1007,Mariam Khatun,Corporate,Dhaka,06/01/2023
C1008,Anika Sultana,Corporate,Rajshahi,05/04/2023
C1009,Nusrat Jahan,Retail,Rajshahi,07/05/2022
C1010,Mariam Khatun,Corporate,Dhaka,11/10/2023
C1011,Farhana Akter,Retail,Khulna,07/05/2022
C1012,Rima Begum,Corporate,Rajshahi,23/04/2024
C1013,Tanvir Ahmed,Corporate,Rajshahi,25/10/2022
C1014,Farhana Akter,Retail,Rajshahi,25/07/2023
C1015,Rima Begum,Corporate,Rajshahi,05/04/2024
C1016,Rahim Uddin,Corporate,Chattogram,28/08/2022
C1017,Sabbir Hossain,Retail,Dhaka,04/02/2024
C1018,Karim Hasan,Corporate,Khulna,14/03/2022
C1019,Karim Hasan,Retail,Khulna,20/06/2023
C1020,Mariam Khatun,Retail,Khulna,27/03/2022
C1021,Mahmudul Islam,Retail,Khulna,23/11/2022
C1022,Mehedi Hasan,Corporate,Rajshahi,07/05/2024
C1023,Tania Rahman,Corporate,Rajshahi,16/12/2023
C1024,Anika Sultana,Retail,Khulna,18/08/2024
C1025,Nayeem Islam,Retail,Rajshahi,02/12/2022
C1026,Rahim Uddin,Retail,Khulna,01/12/2022
C1027,Rashidul Hasan,Corporate,Dhaka,19/04/2023
C1028,Hasan Mahmud,Retail,Dhaka,27/04/2022
C1029,Anika Sultana,Retail,Rajshahi,21/01/2023
C1030,Shakib Ahmed,Corporate,Chattogram,18/06/2024
C1031,Farhana Akter,Corporate,Dhaka,17/11/2022
C1032,Mariam Khatun,Corporate,Chattogram,26/03/2023
C1033,Fahim Rahman,Retail,Dhaka,28/10/2023
C1034,Anika Sultana,Corporate,Rajshahi,21/04/2023
C1035,Farhana Akter,Corporate,Khulna,12/03/2022
C1036,Hasan Mahmud,Retail,Dhaka,22/03/2022
C1037,Mariam Khatun,Corporate,Chattogram,17/03/2024
C1038,Tanvir Ahmed,Corporate,Chattogram,18/01/2023
C1039,Nusrat Jahan,Corporate,Rajshahi,08/07/2023
C1040,Mehedi Hasan,Retail,Chattogram,14/10/2022
C1041,Mahmudul Islam,Corporate,Dhaka,19/12/2023
C1042,Hasan Mahmud,Corporate,Khulna,24/04/2022
C1043,Fahim Rahman,Retail,Rajshahi,17/03/2023
C1044,Arif Chowdhhury,Retail,Khulna,07/04/2022
C1045,Nayeem Islam,Corporate,Chattogram,16/06/2022
C1046,Sadia Afrin,Retail,Chattogram,12/01/2022
C1047,Tanvir Ahmed,Retail,Dhaka,03/05/2024
C1048,Tanvir Ahmed,Corporate,Dhaka,28/08/2022
C1049,Nusrat Jahan,Corporate,Rajshahi,21/05/2024
C1050,Nayeem Islam,Corporate,Rajshahi,08/07/2024
C1051,Nusrat Jahan,Retail,Rajshahi,31/07/2023
C1052,Sadia Afrin,Retail,Rajshahi,17/12/2022
C1053,Tanvir Ahmed,Corporate,Chattogram,20/07/2024
C1054,Rashidul Hasan,Corporate,Dhaka,23/11/2023
C1055,Nusrat Jahan,Corporate,Dhaka,17/01/2024
C1056,Mehedi Hasan,Corporate,Rajshahi,09/08/2024
C1057,Hasan Mahmud,Retail,Khulna,26/02/2024
C1058,Karim Hasan,Retail,Chattogram,31/10/2023
C1059,Fahim Rahman,Corporate,Khulna,26/05/2023
C1060,Arif Chowdhhury,Corporate,Khulna,06/09/2022
C1061,Sadia Afrin,Corporate,Dhaka,21/02/2022
C1062,Arif Chowdhhury,Retail,Khulna,15/04/2024
C1063,Nayeem Islam,Corporate,Dhaka,27/04/2022
C1064,Anika Sultana,Corporate,Dhaka,14/02/2022
C1065,Rima Begum,Retail,Khulna,07/09/2023
C1066,Rashidul Hasan,Retail,Chattogram,11/04/2022
C1067,Rashidul Hasan,Corporate,Dhaka,04/03/2023
C1068,Arif Chowdhhury,Corporate,Rajshahi,25/07/2022
C1069,Sadia Afrin,Retail,Rajshahi,30/04/2023
C1070,Nusrat Jahan,Corporate,Chattogram,08/03/2022
C1071,Nusrat Jahan,Corporate,Rajshahi,15/10/2022
C1072,Tanvir Ahmed,Retail,Chattogram,28/01/2023
C1073,Arif Chowdhhury,Corporate,Chattogram,15/02/2023
C1074,Rahim Uddin,Retail,Chattogram,03/12/2022
C1075,Mahmudul Islam,Corporate,Dhaka,11/12/2023
C1076,Rashidul Hasan,Corporate,Dhaka,09/05/2022
C1077,Mahmudul Islam,Retail,Khulna,30/01/2023
C1078,Mahmudul Islam,Corporate,Dhaka,14/12/2022
C1079,Tania Rahman,Corporate,Dhaka,21/12/2023
C1080,Mahmudul Islam,Corporate,Khulna,05/01/2024
C1081,Rahim Uddin,Retail,Rajshahi,10/07/2022
C1082,Sadia Afrin,Retail,Rajshahi,12/06/2024
C1083,Mehedi Hasan,Corporate,Rajshahi,09/02/2022
C1084,Karim Hasan,Retail,Rajshahi,10/01/2022
C1085,Sabbir Hossain,Retail,Chattogram,04/06/2022
C1086,Rashidul Hasan,Corporate,Khulna,20/06/2024
C1087,Farhana Akter,Corporate,Khulna,24/11/2023
C1088,Rahim Uddin,Retail,Rajshahi,19/07/2022
C1089,Shakib Ahmed,Corporate,Dhaka,06/02/2023
C1090,Rima Begum,Corporate,Dhaka,24/11/2023
C1091,Mariam Khatun,Retail,Khulna,27/04/2024
C1092,Tania Rahman,Corporate,Chattogram,24/01/2023
C1093,Hasan Mahmud,Retail,Khulna,02/09/2022
C1094,Rahim Uddin,Corporate,Dhaka,15/01/2022
C1095,Arif Chowdhhury,Corporate,Rajshahi,04/06/2024
C1096,Tanvir Ahmed,Retail,Dhaka,07/02/2023
C1097,Sabbir Hossain,Retail,Dhaka,07/05/2023
C1098,Fahim Rahman,Retail,Chattogram,05/10/2022
C1099,Mehedi Hasan,Retail,Rajshahi,24/05/2022
C1100,Rima Begum,Corporate,Dhaka,12/11/2023
C1101,Tanvir Ahmed,Retail,Rajshahi,18/02/2023
C1102,Rashidul Hasan,Retail,Dhaka,06/08/2024
C1103,Rima Begum,Retail,Dhaka,21/06/2023
C1104,Sabbir Hossain,Retail,Dhaka,04/06/2024
C1105,Tanvir Ahmed,Corporate,Khulna,20/02/2024
C1106,Rima Begum,Corporate,Chattogram,02/12/2023
C1107,Rashidul Hasan,Retail,Dhaka,15/09/2023
C1108,Rahim Uddin,Corporate,Chattogram,24/01/2024
C1109,Sabbir Hossain,Corporate,Chattogram,30/11/2023
C1110,Mehedi Hasan,Corporate,Chattogram,15/09/2024
C1111,Shakib Ahmed,Corporate,Chattogram,14/07/2023
C1112,Arif Chowdhhury,Retail,Chattogram,04/09/2022
C1113,Fahim Rahman,Retail,Khulna,12/06/2022
C1114,Farhana Akter,Corporate,Chattogram,21/05/2023
C1115,Sabbir Hossain,Corporate,Dhaka,20/10/2023
C1116,Rashidul Hasan,Corporate,Khulna,28/01/2023
C1117,Sadia Afrin,Retail,Dhaka,02/12/2022
C1118,Nayeem Islam,Retail,Khulna,10/12/2023
C1119,Hasan Mahmud,Retail,Chattogram,16/07/2023
C1120,Shakib Ahmed,Retail,Chattogram,13/06/2024
C1121,Mariam Khatun,Corporate,Dhaka,17/06/2024
C1122,Rashidul Hasan,Corporate,Rajshahi,03/08/2022
C1123,Tania Rahman,Corporate,Rajshahi,30/04/2023
C1124,Karim Hasan,Corporate,Dhaka,27/05/2023
C1125,Fahim Rahman,Corporate,Chattogram,24/03/2022
C1126,Mehedi Hasan,Retail,Dhaka,17/07/2022
C1127,Tania Rahman,Corporate,Dhaka,19/07/2022
C1128,Mahmudul Islam,Retail,Khulna,29/01/2023
C1129,Nayeem Islam,Retail,Khulna,05/07/2023
C1130,Mehedi Hasan,Corporate,Khulna,11/03/2022
C1131,Arif Chowdhhury,Corporate,Khulna,25/08/2024
C1132,Farhana Akter,Retail,Rajshahi,18/02/2024
C1133,Imran Khan,Retail,Dhaka,25/09/2022
C1134,Shakib Ahmed,Retail,Chattogram,16/09/2024
C1135,Mariam Khatun,Corporate,Rajshahi,09/12/2023
C1136,Hasan Mahmud,Retail,Rajshahi,08/03/2023
C1137,Farhana Akter,Retail,Rajshahi,30/09/2023
C1138,Mariam Khatun,Retail,Rajshahi,04/06/2023
C1139,Rima Begum,Retail,Khulna,10/06/2024
C1140,Sadia Afrin,Corporate,Chattogram,17/05/2024
C1141,Anika Sultana,Corporate,Dhaka,17/11/2022
C1142,Shakib Ahmed,Corporate,Dhaka,31/08/2024
C1143,Tania Rahman,Corporate,Rajshahi,19/07/2023
C1144,Rashidul Hasan,Corporate,Khulna,08/05/2024
C1145,Sabbir Hossain,Corporate,Rajshahi,01/09/2024
C1146,Fahim Rahman,Corporate,Rajshahi,22/07/2023
C1147,Tanvir Ahmed,Retail,Dhaka,24/09/2022
C1148,Karim Hasan,Corporate,Dhaka,08/09/2022
C1149,Tania Rahman,Corporate,Rajshahi,01/06/2023
C1150,Sabbir Hossain,Corporate,Chattogram,06/09/2022
C1151,Tania Rahman,Corporate,Dhaka,13/05/2023
C1152,Nusrat Jahan,Corporate,Rajshahi,09/04/2023
C1153,Arif Chowdhhury,Retail,Dhaka,26/08/2023
C1154,Tanvir Ahmed,Retail,Rajshahi,14/01/2024
C1155,Arif Chowdhhury,Retail,Chattogram,17/02/2024
C1156,Mehedi Hasan,Corporate,Dhaka,27/06/2024
C1157,Anika Sultana,Corporate,Khulna,01/04/2022
C1158,Tanvir Ahmed,Retail,Chattogram,14/08/2024
C1159,Tanvir Ahmed,Corporate,Rajshahi,31/03/2023
C1160,Farhana Akter,Retail,Chattogram,13/02/2022
C1161,Mahmudul Islam,Retail,Rajshahi,17/05/2023
C1162,Nayeem Islam,Retail,Rajshahi,30/08/2023
C1163,Rashidul Hasan,Retail,Khulna,18/01/2024
C1164,Sadia Afrin,Retail,Chattogram,10/03/2024
C1165,Mariam Khatun,Corporate,Chattogram,10/10/2023
C1166,Arif Chowdhhury,Retail,Rajshahi,13/01/2023
C1167,Mahmudul Islam,Retail,Rajshahi,26/05/2024
C1168,Farhana Akter,Corporate,Khulna,19/10/2023
C1169,Rahim Uddin,Corporate,Dhaka,13/02/2023
C1170,Hasan Mahmud,Corporate,Rajshahi,02/01/2024
C1171,Shakib Ahmed,Retail,Rajshahi,16/09/2023
C1172,Arif Chowdhhury,Corporate,Khulna,26/09/2023
C1173,Imran Khan,Retail,Dhaka,25/12/2022
C1174,Tania Rahman,Retail,Rajshahi,11/01/2023
C1175,Arif Chowdhhury,Corporate,Dhaka,17/06/2022
C1176,Anika Sultana,Corporate,Chattogram,23/11/2023
C1177,Sadia Afrin,Retail,Rajshahi,11/08/2024
C1178,Mehedi Hasan,Retail,Chattogram,07/07/2022
C1179,Tanvir Ahmed,Corporate,Dhaka,09/04/2022
C1180,Anika Sultana,Corporate,Rajshahi,04/11/2022
C1181,Tanvir Ahmed,Corporate,Dhaka,15/04/2023
C1182,Farhana Akter,Retail,Chattogram,11/04/2022
C1183,Imran Khan,Retail,Rajshahi,14/08/2024
C1184,Rashidul Hasan,Retail,Dhaka,20/06/2023
C1185,Tanvir Ahmed,Corporate,Dhaka,12/02/2024
C1186,Rima Begum,Retail,Chattogram,29/01/2023
C1187,Sabbir Hossain,Corporate,Khulna,29/05/2024
C1188,Imran Khan,Retail,Khulna,03/08/2022
C1189,Tania Rahman,Retail,Khulna,30/12/2022
C1190,Mahmudul Islam,Corporate,Rajshahi,01/10/2023
C1191,Sabbir Hossain,Corporate,Dhaka,19/07/2023
C1192,Tania Rahman,Corporate,Khulna,27/04/2024
C1193,Shakib Ahmed,Corporate,Khulna,02/10/2022
C1194,Sabbir Hossain,Corporate,Chattogram,16/01/2024
C1195,Fahim Rahman,Retail,Rajshahi,05/03/2024
C1196,Rima Begum,Retail,Dhaka,10/04/2022
C1197,Hasan Mahmud,Corporate,Chattogram,16/01/2023
C1198,Farhana Akter,Corporate,Rajshahi,11/03/2024
C1199,Mariam Khatun,Corporate,Chattogram,06/02/2022
C1200,Rima Begum,Corporate,Chattogram,03/04/2024
C1201,Sabbir Hossain,Retail,Chattogram,10/07/2024
C1202,Tanvir Ahmed,Retail,Chattogram,14/09/2024
C1203,Mehedi Hasan,Retail,Dhaka,14/12/2023
C1204,Shakib Ahmed,Corporate,Chattogram,10/05/2024
C1205,Mehedi Hasan,Corporate,Rajshahi,31/10/2022
C1206,Tania Rahman,Corporate,Chattogram,10/01/2022
C1207,Farhana Akter,Retail,Dhaka,26/11/2023
C1208,Mariam Khatun,Retail,Dhaka,02/02/2023
C1209,Shakib Ahmed,Retail,Dhaka,18/04/2022
C1210,Sadia Afrin,Retail,Chattogram,22/05/2023
C1211,Sadia Afrin,Retail,Chattogram,11/07/2024
C1212,Anika Sultana,Corporate,Dhaka,21/02/2024
C1213,Sadia Afrin,Retail,Khulna,03/04/2024
C1214,Tania Rahman,Corporate,Dhaka,21/11/2023
C1215,Farhana Akter,Corporate,Chattogram,20/07/2022
C1216,Mahmudul Islam,Retail,Rajshahi,13/10/2023
C1217,Rima Begum,Retail,Khulna,06/10/2022
C1218,Tanvir Ahmed,Corporate,Chattogram,07/07/2024
C1219,Anika Sultana,Corporate,Chattogram,06/05/2023
C1220,Imran Khan,Retail,Dhaka,27/07/2024
C1221,Shakib Ahmed,Retail,Khulna,30/05/2022
C1222,Nusrat Jahan,Corporate,Dhaka,01/03/2024
C1223,Tania Rahman,Retail,Dhaka,20/02/2022
C1224,Rima Begum,Retail,Dhaka,27/01/2024
C1225,Tania Rahman,Corporate,Khulna,06/12/2022
C1226,Tanvir Ahmed,Retail,Chattogram,09/01/2022
C1227,Hasan Mahmud,Corporate,Khulna,23/12/2023
C1228,Rashidul Hasan,Corporate,Chattogram,01/02/2022
C1229,Tanvir Ahmed,Corporate,Dhaka,13/06/2023
C1230,Mehedi Hasan,Corporate,Khulna,27/03/2023
C1231,Mariam Khatun,Retail,Rajshahi,29/08/2022
C1232,Arif Chowdhhury,Corporate,Dhaka,23/05/2023
C1233,Mariam Khatun,Retail,Chattogram,09/07/2024
C1234,Hasan Mahmud,Retail,Rajshahi,10/04/2023
C1235,Tanvir Ahmed,Retail,Chattogram,13/07/2024
C1236,Sabbir Hossain,Retail,Khulna,19/05/2023
C1237,Mahmudul Islam,Corporate,Chattogram,04/08/2023
C1238,Mehedi Hasan,Corporate,Dhaka,17/12/2023
C1239,Imran Khan,Corporate,Khulna,24/11/2023
C1240,Tania Rahman,Retail,Dhaka,22/01/2023
C1241,Mehedi Hasan,Corporate,Chattogram,04/11/2023
C1242,Rashidul Hasan,Corporate,Dhaka,18/06/2022
C1243,Tania Rahman,Corporate,Dhaka,02/04/2022
C1244,Farhana Akter,Retail,Chattogram,26/02/2022
C1245,Mehedi Hasan,Corporate,Rajshahi,24/01/2022
C1246,Tanvir Ahmed,Retail,Chattogram,18/03/2022
C1247,Shakib Ahmed,Corporate,Khulna,10/08/2024
C1248,Tanvir Ahmed,Retail,Rajshahi,26/08/2024
C1249,Mahmudul Islam,Corporate,Khulna,20/08/2022
C1250,Anika Sultana,Corporate,Rajshahi,25/06/2024
C1251,Mariam Khatun,Corporate,Khulna,29/08/2022
C1252,Imran Khan,Corporate,Dhaka,12/09/2024
C1253,Rahim Uddin,Corporate,Rajshahi,10/09/2022
C1254,Imran Khan,Corporate,Rajshahi,21/01/2024
C1255,Fahim Rahman,Retail,Dhaka,13/09/2022
C1256,Mariam Khatun,Corporate,Rajshahi,30/12/2023
C1257,Nayeem Islam,Retail,Rajshahi,02/02/2024
C1258,Rahim Uddin,Corporate,Dhaka,27/12/2022
C1259,Hasan Mahmud,Corporate,Rajshahi,31/01/2024
C1260,Nayeem Islam,Corporate,Chattogram,07/06/2023
C1261,Farhana Akter,Corporate,Chattogram,23/03/2024
C1262,Sabbir Hossain,Corporate,Chattogram,16/01/2022
C1263,Mehedi Hasan,Retail,Dhaka,05/08/2023
C1264,Karim Hasan,Retail,Khulna,30/04/2022
C1265,Nayeem Islam,Retail,Khulna,02/01/2024
C1266,Sadia Afrin,Retail,Dhaka,09/06/2024
C1267,Rima Begum,Corporate,Dhaka,29/02/2024
C1268,Imran Khan,Corporate,Rajshahi,04/10/2022
C1269,Arif Chowdhhury,Retail,Khulna,21/05/2024
C1270,Tanvir Ahmed,Retail,Dhaka,25/05/2022
C1271,Mehedi Hasan,Corporate,Rajshahi,09/04/2023
C1272,Karim Hasan,Corporate,Dhaka,16/01/2024
C1273,Nusrat Jahan,Corporate,Dhaka,24/09/2022
C1274,Rima Begum,Retail,Rajshahi,23/08/2022
C1275,Tania Rahman,Retail,Rajshahi,30/03/2023
C1276,Mariam Khatun,Retail,Dhaka,30/03/2023
C1277,Nayeem Islam,Corporate,Rajshahi,20/05/2024
C1278,Farhana Akter,Retail,Khulna,26/03/2023
C1279,Arif Chowdhhury,Retail,Dhaka,04/05/2024
C1280,Mariam Khatun,Corporate,Rajshahi,17/05/2023
C1281,Tanvir Ahmed,Corporate,Rajshahi,22/06/2022
C1282,Anika Sultana,Retail,Rajshahi,06/08/2023
C1283,Sadia Afrin,Corporate,Rajshahi,02/12/2022
C1284,Arif Chowdhhury,Retail,Khulna,08/01/2024
C1285,Sabbir Hossain,Corporate,Dhaka,03/05/2023
C1286,Imran Khan,Corporate,Dhaka,18/08/2022
C1287,Sadia Afrin,Corporate,Khulna,02/01/2024
C1288,Rima Begum,Corporate,Chattogram,02/07/2024
C1289,Mehedi Hasan,Retail,Rajshahi,03/06/2024
C1290,Mahmudul Islam,Retail,Dhaka,26/08/2023
C1291,Tanvir Ahmed,Retail,Dhaka,17/07/2022
C1292,Rima Begum,Retail,Rajshahi,30/08/2022
C1293,Rahim Uddin,Retail,Rajshahi,07/04/2024
C1294,Hasan Mahmud,Retail,Chattogram,21/12/2022
C1295,Arif Chowdhhury,Corporate,Khulna,13/04/2023
C1296,Shakib Ahmed,Retail,Chattogram,16/01/2023
C1297,Anika Sultana,Corporate,Rajshahi,10/06/2023
C1298,Nusrat Jahan,Retail,Rajshahi,23/12/2022
C1299,Anika Sultana,Retail,Rajshahi,18/02/2023
C1300,Sabbir Hossain,Retail,Rajshahi,01/01/2023
C1301,Farhana Akter,Corporate,Khulna,22/11/2022
C1302,Mariam Khatun,Corporate,Chattogram,09/09/2023
C1303,Farhana Akter,Corporate,Khulna,20/05/2022
C1304,Sabbir Hossain,Retail,Chattogram,23/07/2024
C1305,Imran Khan,Retail,Rajshahi,06/06/2022
C1306,Tania Rahman,Retail,Chattogram,06/01/2023
C1307,Karim Hasan,Retail,Chattogram,12/04/2022
C1308,Nayeem Islam,Retail,Dhaka,12/08/2022
C1309,Nayeem Islam,Retail,Rajshahi,10/08/2022
C1310,Tania Rahman,Corporate,Rajshahi,04/01/2024
C1311,Rashidul Hasan,Retail,Khulna,05/06/2022
C1312,Anika Sultana,Corporate,Khulna,20/04/2022
C1313,Anika Sultana,Corporate,Khulna,03/03/2023
C1314,Arif Chowdhhury,Retail,Khulna,27/02/2022
C1315,Anika Sultana,Retail,Rajshahi,20/04/2022
C1316,Sabbir Hossain,Corporate,Chattogram,01/01/2024
C1317,Mahmudul Islam,Retail,Dhaka,04/04/2024
C1318,Farhana Akter,Corporate,Khulna,14/12/2023
C1319,Nayeem Islam,Retail,Rajshahi,22/06/2024
C1320,Farhana Akter,Corporate,Khulna,16/04/2023
C1321,Tania Rahman,Corporate,Rajshahi,23/02/2024
C1322,Sabbir Hossain,Corporate,Khulna,12/09/2023
C1323,Karim Hasan,Retail,Rajshahi,16/09/2022
C1324,Sabbir Hossain,Retail,Dhaka,14/04/2023
C1325,Rima Begum,Corporate,Dhaka,26/03/2023
C1326,Nusrat Jahan,Corporate,Chattogram,07/01/2022
C1327,Rashidul Hasan,Retail,Khulna,13/07/2024
C1328,Tanvir Ahmed,Corporate,Khulna,07/10/2023
C1329,Sabbir Hossain,Corporate,Rajshahi,07/12/2022
C1330,Farhana Akter,Corporate,Dhaka,25/06/2024
C1331,Sadia Afrin,Corporate,Dhaka,05/04/2022
C1332,Rashidul Hasan,Retail,Chattogram,02/09/2022
C1333,Mahmudul Islam,Retail,Dhaka,27/06/2024
C1334,Anika Sultana,Corporate,Khulna,04/06/2023
C1335,Fahim Rahman,Retail,Chattogram,07/08/2024
C1336,Rahim Uddin,Corporate,Khulna,14/12/2022
C1337,Rahim Uddin,Corporate,Rajshahi,22/01/2023
C1338,Tania Rahman,Corporate,Dhaka,22/01/2024
C1339,Tania Rahman,Retail,Khulna,01/04/2022
C1340,Mahmudul Islam,Retail,Rajshahi,01/02/2024
C1341,Arif Chowdhhury,Corporate,Dhaka,02/05/2022
C1342,Shakib Ahmed,Retail,Khulna,28/10/2022
C1343,Sabbir Hossain,Retail,Chattogram,01/11/2022
C1344,Rashidul Hasan,Corporate,Dhaka,20/02/2022
C1345,Sabbir Hossain,Corporate,Chattogram,13/09/2024
C1346,Arif Chowdhhury,Retail,Dhaka,08/05/2022
C1347,Hasan Mahmud,Retail,Chattogram,30/05/2022
C1348,Farhana Akter,Retail,Khulna,18/05/2024
C1349,Nayeem Islam,Retail,Khulna,30/11/2023
C1350,Mariam Khatun,Corporate,Rajshahi,07/08/2024
C1351,Rashidul Hasan,Corporate,Rajshahi,29/06/2022
C1352,Rahim Uddin,Retail,Rajshahi,19/06/2022
C1353,Rima Begum,Retail,Chattogram,04/09/2023
C1354,Nayeem Islam,Corporate,Chattogram,22/01/2023
C1355,Rashidul Hasan,Retail,Khulna,22/12/2023
C1356,Shakib Ahmed,Retail,Rajshahi,02/11/2022
C1357,Imran Khan,Retail,Khulna,02/06/2024
C1358,Sadia Afrin,Retail,Rajshahi,13/06/2022
C1359,Hasan Mahmud,Corporate,Chattogram,24/09/2022
C1360,Mahmudul Islam,Retail,Chattogram,07/10/2023
C1361,Rashidul Hasan,Corporate,Chattogram,28/02/2022
C1362,Fahim Rahman,Retail,Chattogram,15/03/2023
C1363,Mahmudul Islam,Retail,Khulna,11/10/2022
C1364,Sadia Afrin,Retail,Rajshahi,05/08/2022
C1365,Imran Khan,Retail,Khulna,23/10/2023
C1366,Farhana Akter,Corporate,Khulna,17/05/2023
C1367,Hasan Mahmud,Corporate,Khulna,14/06/2022
C1368,Karim Hasan,Retail,Rajshahi,26/06/2023
C1369,Mehedi Hasan,Retail,Chattogram,21/03/2022
C1370,Rima Begum,Retail,Chattogram,21/12/2022
C1371,Shakib Ahmed,Corporate,Chattogram,09/09/2024
C1372,Farhana Akter,Retail,Chattogram,31/08/2024
C1373,Sabbir Hossain,Corporate,Dhaka,29/03/2024
C1374,Fahim Rahman,Retail,Chattogram,14/12/2022
C1375,Sabbir Hossain,Corporate,Dhaka,11/06/2023
C1376,Tania Rahman,Retail,Dhaka,12/01/2022
C1377,Anika Sultana,Corporate,Chattogram,19/06/2022
C1378,Arif Chowdhhury,Retail,Rajshahi,24/02/2023
C1379,Hasan Mahmud,Corporate,Rajshahi,15/01/2022
C1380,Sabbir Hossain,Corporate,Dhaka,15/12/2022
C1381,Tania Rahman,Retail,Khulna,29/09/2022
C1382,Shakib Ahmed,Corporate,Rajshahi,01/03/2024
C1383,Fahim Rahman,Corporate,Chattogram,13/04/2024
C1384,Nusrat Jahan,Corporate,Chattogram,13/01/2023
C1385,Shakib Ahmed,Corporate,Rajshahi,30/01/2024
C1386,Fahim Rahman,Corporate,Chattogram,26/06/2022
C1387,Rahim Uddin,Corporate,Dhaka,27/07/2023
C1388,Tanvir Ahmed,Retail,Khulna,08/05/2024
C1389,Nayeem Islam,Corporate,Rajshahi,21/05/2023
C1390,Farhana Akter,Retail,Dhaka,04/04/2023
C1391,Tanvir Ahmed,Corporate,Dhaka,02/11/2023
C1392,Nusrat Jahan,Corporate,Chattogram,02/05/2023
C1393,Nusrat Jahan,Corporate,Chattogram,08/02/2024
C1394,Mehedi Hasan,Retail,Rajshahi,15/04/2022
C1395,Tania Rahman,Corporate,Dhaka,09/05/2022
C1396,Sadia Afrin,Corporate,Rajshahi,08/05/2023
C1397,Fahim Rahman,Corporate,Chattogram,25/07/2023
C1398,Arif Chowdhhury,Retail,Rajshahi,16/08/2022
C1399,Tanvir Ahmed,Corporate,Dhaka,27/01/2024
C1400,Hasan Mahmud,Corporate,Chattogram,03/11/2022
C1401,Arif Chowdhhury,Retail,Rajshahi,25/10/2022
C1402,Imran Khan,Corporate,Rajshahi,16/08/2023
C1403,Rima Begum,Retail,Chattogram,23/08/2022
C1404,Shakib Ahmed,Corporate,Rajshahi,26/07/2022
C1405,Fahim Rahman,Corporate,Khulna,17/06/2024
C1406,Mehedi Hasan,Retail,Chattogram,11/04/2024
C1407,Rahim Uddin,Retail,Chattogram,31/08/2024
C1408,Rima Begum,Corporate,Khulna,25/05/2023
C1409,Anika Sultana,Retail,Dhaka,03/07/2023
C1410,Sadia Afrin,Corporate,Dhaka,10/05/2024
C1411,Farhana Akter,Corporate,Dhaka,30/06/2023
C1412,Rima Begum,Corporate,Khulna,11/12/2023
C1413,Tanvir Ahmed,Retail,Dhaka,06/09/2022
C1414,Rima Begum,Corporate,Dhaka,15/01/2024
C1415,Sadia Afrin,Corporate,Dhaka,02/07/2022
C1416,Farhana Akter,Corporate,Chattogram,21/07/2022
C1417,Mariam Khatun,Corporate,Dhaka,10/05/2022
C1418,Mehedi Hasan,Retail,Dhaka,13/03/2022
C1419,Karim Hasan,Retail,Khulna,21/03/2022
C1420,Tanvir Ahmed,Corporate,Rajshahi,02/06/2023
C1421,Farhana Akter,Retail,Chattogram,16/02/2023
C1422,Nayeem Islam,Corporate,Chattogram,01/11/2022
C1423,Arif Chowdhhury,Corporate,Dhaka,25/03/2022
C1424,Rahim Uddin,Retail,Chattogram,31/05/2022
C1425,Sabbir Hossain,Retail,Chattogram,12/01/2024
C1426,Nusrat Jahan,Corporate,Khulna,18/01/2023
C1427,Tania Rahman,Corporate,Khulna,14/02/2022
C1428,Nusrat Jahan,Corporate,Chattogram,10/11/2023
C1429,Hasan Mahmud,Corporate,Khulna,28/05/2022
C1430,Nayeem Islam,Retail,Chattogram,25/09/2022
C1431,Mahmudul Islam,Retail,Khulna,14/04/2024
C1432,Arif Chowdhhury,Corporate,Khulna,06/09/2023
C1433,Sabbir Hossain,Corporate,Dhaka,01/06/2022
C1434,Rima Begum,Retail,Dhaka,22/12/2022
C1435,Shakib Ahmed,Retail,Dhaka,05/01/2022
C1436,Rima Begum,Corporate,Khulna,21/04/2024
C1437,Rahim Uddin,Retail,Dhaka,02/03/2024
C1438,Tanvir Ahmed,Corporate,Rajshahi,20/05/2024
C1439,Rashidul Hasan,Corporate,Rajshahi,24/09/2022
C1440,Nayeem Islam,Retail,Khulna,18/03/2023
C1441,Mariam Khatun,Corporate,Dhaka,04/06/2023
C1442,Karim Hasan,Corporate,Dhaka,10/04/2024
C1443,Hasan Mahmud,Retail,Dhaka,08/04/2023
C1444,Tanvir Ahmed,Corporate,Rajshahi,12/05/2023
C1445,Sabbir Hossain,Corporate,Khulna,09/03/2023
C1446,Anika Sultana,Corporate,Dhaka,12/05/2023
C1447,Arif Chowdhhury,Retail,Dhaka,10/03/2022
C1448,Sabbir Hossain,Retail,Chattogram,12/07/2023
C1449,Anika Sultana,Corporate,Chattogram,04/03/2024
C1450,Mariam Khatun,Retail,Rajshahi,11/08/2022
C1451,Farhana Akter,Corporate,Rajshahi,09/02/2022
C1452,Sadia Afrin,Retail,Dhaka,03/12/2023
C1453,Fahim Rahman,Corporate,Chattogram,01/05/2023
C1454,Fahim Rahman,Retail,Chattogram,29/09/2023
C1455,Fahim Rahman,Corporate,Dhaka,14/09/2023
C1456,Sadia Afrin,Corporate,Dhaka,28/01/2023
C1457,Nayeem Islam,Retail,Rajshahi,04/06/2023
C1458,Mehedi Hasan,Retail,Khulna,20/12/2022
C1459,Mahmudul Islam,Retail,Rajshahi,10/06/2022
C1460,Fahim Rahman,Retail,Rajshahi,09/04/2024
C1461,Sabbir Hossain,Corporate,Dhaka,27/01/2023
C1462,Sadia Afrin,Corporate,Dhaka,21/04/2024
C1463,Arif Chowdhhury,Retail,Chattogram,03/09/2023
C1464,Tanvir Ahmed,Corporate,Rajshahi,23/07/2024
C1465,Hasan Mahmud,Corporate,Khulna,05/02/2023
C1466,Farhana Akter,Retail,Dhaka,04/01/2022
C1467,Tanvir Ahmed,Retail,Dhaka,27/03/2022
C1468,Arif Chowdhhury,Corporate,Rajshahi,01/10/2022
C1469,Sabbir Hossain,Retail,Khulna,04/02/2023
C1470,Shakib Ahmed,Corporate,Khulna,16/11/2023
C1471,Sabbir Hossain,Retail,Rajshahi,16/02/2023
C1472,Mehedi Hasan,Corporate,Chattogram,03/08/2024
C1473,Rahim Uddin,Retail,Rajshahi,13/05/2022
C1474,Tanvir Ahmed,Corporate,Khulna,08/05/2022
C1475,Tanvir Ahmed,Retail,Khulna,28/10/2022
C1476,Hasan Mahmud,Corporate,Dhaka,17/07/2022
C1477,Tanvir Ahmed,Corporate,Rajshahi,05/11/2023
C1478,Mehedi Hasan,Retail,Chattogram,09/06/2023
C1479,Rahim Uddin,Retail,Rajshahi,16/06/2024
C1480,Rashidul Hasan,Corporate,Dhaka,05/09/2022
C1481,Rima Begum,Corporate,Chattogram,07/04/2023
C1482,Fahim Rahman,Corporate,Rajshahi,04/01/2023
C1483,Tania Rahman,Corporate,Chattogram,20/12/2023
C1484,Mehedi Hasan,Retail,Rajshahi,01/03/2024
C1485,Nusrat Jahan,Retail,Khulna,14/11/2022
C1486,Mariam Khatun,Corporate,Khulna,20/01/2024
C1487,Arif Chowdhhury,Corporate,Dhaka,30/07/2022
C1488,Imran Khan,Retail,Chattogram,28/07/2022
C1489,Rahim Uddin,Retail,Chattogram,19/08/2024
C1490,Mehedi Hasan,Corporate,Rajshahi,04/05/2022
C1491,Hasan Mahmud,Corporate,Chattogram,05/02/2022
C1492,Sadia Afrin,Retail,Khulna,21/06/2023
C1493,Mehedi Hasan,Corporate,Khulna,09/02/2023
C1494,Mahmudul Islam,Corporate,Chattogram,29/05/2023
C1495,Imran Khan,Corporate,Rajshahi,01/03/2023
C1496,Rashidul Hasan,Retail,Khulna,16/11/2023
C1497,Arif Chowdhhury,Retail,Chattogram,09/10/2023
C1498,Mariam Khatun,Retail,Dhaka,23/02/2024
C1499,Mehedi Hasan,Corporate,Chattogram,29/07/2023
C1500,Arif Chowdhhury,Corporate,Khulna,19/05/2023
